Meta Data,Time Series (Daily)
"Daily Prices (open, high, low, close) and Volumes",
BTC,
2023-09-06,
Full size,
US/Eastern,
,"{'1. open': '90.8400', '2. high': '90.8400', '3. low': '90.6518', '4. close': '90.6518', '5. volume': '518'}"
,"{'1. open': '90.9055', '2. high': '90.9055', '3. low': '90.8300', '4. close': '90.8300', '5. volume': '754'}"
,"{'1. open': '91.0868', '2. high': '91.0868', '3. low': '91.0868', '4. close': '91.0868', '5. volume': '2'}"
,"{'1. open': '91.2900', '2. high': '91.2972', '3. low': '91.2900', '4. close': '91.2972', '5. volume': '752'}"
,"{'1. open': '91.1469', '2. high': '91.1469', '3. low': '91.1469', '4. close': '91.1469', '5. volume': '3'}"
,"{'1. open': '91.0100', '2. high': '91.1700', '3. low': '91.0100', '4. close': '91.1700', '5. volume': '2141'}"
,"{'1. open': '90.7439', '2. high': '90.7955', '3. low': '90.7439', '4. close': '90.7955', '5. volume': '286'}"
,"{'1. open': '90.6514', '2. high': '90.6514', '3. low': '90.6514', '4. close': '90.6514', '5. volume': '10'}"
,"{'1. open': '90.7341', '2. high': '90.7341', '3. low': '90.7341', '4. close': '90.7341', '5. volume': '3'}"
,"{'1. open': '90.8499', '2. high': '90.8499', '3. low': '90.8499', '4. close': '90.8499', '5. volume': '2'}"
,"{'1. open': '90.3937', '2. high': '90.3937', '3. low': '90.3937', '4. close': '90.3937', '5. volume': '3'}"
,"{'1. open': '90.4399', '2. high': '90.4399', '3. low': '90.4000', '4. close': '90.4074', '5. volume': '663'}"
,"{'1. open': '90.6693', '2. high': '90.6693', '3. low': '90.6693', '4. close': '90.6693', '5. volume': '3'}"
,"{'1. open': '90.5290', '2. high': '90.5549', '3. low': '90.5290', '4. close': '90.5549', '5. volume': '468'}"
,"{'1. open': '90.8000', '2. high': '90.8000', '3. low': '90.5459', '4. close': '90.5459', '5. volume': '102'}"
,"{'1. open': '90.7000', '2. high': '90.7000', '3. low': '90.7000', '4. close': '90.7000', '5. volume': '2'}"
,"{'1. open': '90.7548', '2. high': '90.7548', '3. low': '90.7548', '4. close': '90.7548', '5. volume': '2'}"
,"{'1. open': '90.9300', '2. high': '90.9300', '3. low': '90.8627', '4. close': '90.8627', '5. volume': '283'}"
,"{'1. open': '91.4399', '2. high': '91.4599', '3. low': '91.1346', '4. close': '91.1346', '5. volume': '1146'}"
,"{'1. open': '91.4010', '2. high': '91.4151', '3. low': '91.4010', '4. close': '91.4151', '5. volume': '612'}"
,"{'1. open': '91.4490', '2. high': '91.4490', '3. low': '91.4277', '4. close': '91.4277', '5. volume': '240'}"
,"{'1. open': '91.2650', '2. high': '91.2900', '3. low': '91.2555', '4. close': '91.2555', '5. volume': '2623'}"
,"{'1. open': '91.0600', '2. high': '91.3253', '3. low': '91.0600', '4. close': '91.3253', '5. volume': '1528'}"
,"{'1. open': '90.8410', '2. high': '90.8410', '3. low': '90.6300', '4. close': '90.8063', '5. volume': '19669'}"
,"{'1. open': '91.0529', '2. high': '91.0529', '3. low': '91.0529', '4. close': '91.0529', '5. volume': '48'}"
,"{'1. open': '91.1180', '2. high': '91.1180', '3. low': '91.1180', '4. close': '91.1180', '5. volume': '7'}"
,"{'1. open': '91.3937', '2. high': '91.4500', '3. low': '91.3100', '4. close': '91.3475', '5. volume': '6198'}"
,"{'1. open': '91.2498', '2. high': '91.3000', '3. low': '91.2450', '4. close': '91.3000', '5. volume': '2170'}"
,"{'1. open': '91.2600', '2. high': '91.2900', '3. low': '91.0590', '4. close': '91.0947', '5. volume': '35551'}"
,"{'1. open': '91.3200', '2. high': '91.4700', '3. low': '91.3200', '4. close': '91.4700', '5. volume': '370'}"
,"{'1. open': '91.3299', '2. high': '91.3447', '3. low': '91.3299', '4. close': '91.3447', '5. volume': '282'}"
,"{'1. open': '91.6563', '2. high': '91.6563', '3. low': '91.4174', '4. close': '91.4174', '5. volume': '703'}"
,"{'1. open': '91.5650', '2. high': '91.5650', '3. low': '91.5542', '4. close': '91.5542', '5. volume': '187'}"
,"{'1. open': '91.4150', '2. high': '91.5142', '3. low': '91.4150', '4. close': '91.5142', '5. volume': '5118'}"
,"{'1. open': '91.8300', '2. high': '91.8360', '3. low': '91.8300', '4. close': '91.8340', '5. volume': '241'}"
,"{'1. open': '91.8699', '2. high': '91.8699', '3. low': '91.6953', '4. close': '91.6953', '5. volume': '1602'}"
,"{'1. open': '91.5800', '2. high': '91.6541', '3. low': '91.5800', '4. close': '91.6541', '5. volume': '24002'}"
,"{'1. open': '91.7100', '2. high': '91.7299', '3. low': '91.7100', '4. close': '91.7170', '5. volume': '57723'}"
,"{'1. open': '91.9010', '2. high': '91.9100', '3. low': '91.8800', '4. close': '91.8800', '5. volume': '6518'}"
,"{'1. open': '91.3200', '2. high': '91.5200', '3. low': '91.3200', '4. close': '91.4454', '5. volume': '9504'}"
,"{'1. open': '90.9899', '2. high': '90.9899', '3. low': '90.9492', '4. close': '90.9500', '5. volume': '2623'}"
,"{'1. open': '90.8863', '2. high': '90.8863', '3. low': '90.8863', '4. close': '90.8863', '5. volume': '7'}"
,"{'1. open': '90.6050', '2. high': '90.6050', '3. low': '90.6050', '4. close': '90.6050', '5. volume': '5'}"
,"{'1. open': '90.5697', '2. high': '90.5711', '3. low': '90.5697', '4. close': '90.5711', '5. volume': '365'}"
,"{'1. open': '90.9153', '2. high': '90.9153', '3. low': '90.9153', '4. close': '90.9153', '5. volume': '14'}"
,"{'1. open': '91.1200', '2. high': '91.1200', '3. low': '91.1200', '4. close': '91.1200', '5. volume': '114'}"
,"{'1. open': '91.2719', '2. high': '91.2719', '3. low': '91.2719', '4. close': '91.2719', '5. volume': '78'}"
,"{'1. open': '91.1597', '2. high': '91.1597', '3. low': '91.1597', '4. close': '91.1597', '5. volume': '30'}"
,"{'1. open': '91.6019', '2. high': '91.6019', '3. low': '91.6019', '4. close': '91.6019', '5. volume': '8'}"
,"{'1. open': '91.5649', '2. high': '91.5649', '3. low': '91.5649', '4. close': '91.5649', '5. volume': '6'}"
,"{'1. open': '91.7645', '2. high': '91.7645', '3. low': '91.7645', '4. close': '91.7645', '5. volume': '862'}"
,"{'1. open': '91.6100', '2. high': '91.6550', '3. low': '91.6100', '4. close': '91.6550', '5. volume': '110039'}"
,"{'1. open': '91.5490', '2. high': '91.5490', '3. low': '91.5270', '4. close': '91.5270', '5. volume': '198'}"
,"{'1. open': '91.6400', '2. high': '91.7648', '3. low': '91.6400', '4. close': '91.7648', '5. volume': '3501'}"
,"{'1. open': '91.7766', '2. high': '91.7766', '3. low': '91.7766', '4. close': '91.7766', '5. volume': '7'}"
,"{'1. open': '91.6150', '2. high': '91.6150', '3. low': '91.6150', '4. close': '91.6150', '5. volume': '49'}"
,"{'1. open': '91.8250', '2. high': '91.8250', '3. low': '91.8250', '4. close': '91.8250', '5. volume': '47'}"
,"{'1. open': '91.4600', '2. high': '91.4600', '3. low': '91.4600', '4. close': '91.4600', '5. volume': '179'}"
,"{'1. open': '91.6401', '2. high': '91.6401', '3. low': '91.3750', '4. close': '91.3750', '5. volume': '3203'}"
,"{'1. open': '91.6200', '2. high': '91.7309', '3. low': '91.6100', '4. close': '91.7309', '5. volume': '109286'}"
,"{'1. open': '91.6500', '2. high': '91.6500', '3. low': '91.6406', '4. close': '91.6406', '5. volume': '160'}"
,"{'1. open': '91.8670', '2. high': '91.8670', '3. low': '91.8670', '4. close': '91.8670', '5. volume': '2'}"
,"{'1. open': '91.5746', '2. high': '91.5746', '3. low': '91.5746', '4. close': '91.5746', '5. volume': '52'}"
,"{'1. open': '91.8569', '2. high': '91.8569', '3. low': '91.8569', '4. close': '91.8569', '5. volume': '5'}"
,"{'1. open': '91.9075', '2. high': '91.9075', '3. low': '91.9075', '4. close': '91.9075', '5. volume': '4'}"
,"{'1. open': '91.8698', '2. high': '91.8698', '3. low': '91.8698', '4. close': '91.8698', '5. volume': '4'}"
,"{'1. open': '92.2519', '2. high': '92.2519', '3. low': '92.1997', '4. close': '92.2424', '5. volume': '1037'}"
,"{'1. open': '92.1006', '2. high': '92.1006', '3. low': '92.1006', '4. close': '92.1006', '5. volume': '279'}"
,"{'1. open': '91.6650', '2. high': '91.8996', '3. low': '91.6650', '4. close': '91.8996', '5. volume': '3606'}"
,"{'1. open': '91.3760', '2. high': '91.4914', '3. low': '91.3760', '4. close': '91.4914', '5. volume': '341'}"
,"{'1. open': '91.4812', '2. high': '91.4812', '3. low': '91.4812', '4. close': '91.4812', '5. volume': '19'}"
,"{'1. open': '91.8320', '2. high': '91.8320', '3. low': '91.8320', '4. close': '91.8320', '5. volume': '73'}"
,"{'1. open': '92.0180', '2. high': '92.0180', '3. low': '91.9776', '4. close': '91.9776', '5. volume': '407'}"
,"{'1. open': '91.9459', '2. high': '91.9459', '3. low': '91.9133', '4. close': '91.9133', '5. volume': '197'}"
,"{'1. open': '91.9693', '2. high': '91.9693', '3. low': '91.9693', '4. close': '91.9693', '5. volume': '5'}"
,"{'1. open': '92.1700', '2. high': '92.1700', '3. low': '92.1000', '4. close': '92.1000', '5. volume': '1603'}"
,"{'1. open': '92.3709', '2. high': '92.3709', '3. low': '92.3709', '4. close': '92.3709', '5. volume': '3'}"
,"{'1. open': '92.5632', '2. high': '92.5632', '3. low': '92.5632', '4. close': '92.5632', '5. volume': '25'}"
,"{'1. open': '92.7235', '2. high': '92.7235', '3. low': '92.7235', '4. close': '92.7235', '5. volume': '2'}"
,"{'1. open': '93.0300', '2. high': '93.0300', '3. low': '92.7938', '4. close': '92.7938', '5. volume': '1048'}"
,"{'1. open': '93.1200', '2. high': '93.1499', '3. low': '93.1100', '4. close': '93.1400', '5. volume': '1659'}"
,"{'1. open': '92.8559', '2. high': '92.9358', '3. low': '92.8559', '4. close': '92.9358', '5. volume': '261'}"
,"{'1. open': '92.5500', '2. high': '92.5950', '3. low': '92.5500', '4. close': '92.5950', '5. volume': '907'}"
,"{'1. open': '92.6450', '2. high': '92.7000', '3. low': '92.5600', '4. close': '92.5842', '5. volume': '5138'}"
,"{'1. open': '92.8640', '2. high': '92.8640', '3. low': '92.8640', '4. close': '92.8640', '5. volume': '136'}"
,"{'1. open': '93.2650', '2. high': '93.3900', '3. low': '93.1600', '4. close': '93.1600', '5. volume': '119712'}"
,"{'1. open': '93.1037', '2. high': '93.1037', '3. low': '93.1037', '4. close': '93.1037', '5. volume': '4'}"
,"{'1. open': '92.7700', '2. high': '92.7820', '3. low': '92.7610', '4. close': '92.7746', '5. volume': '856'}"
,"{'1. open': '92.5200', '2. high': '92.5400', '3. low': '92.3300', '4. close': '92.3349', '5. volume': '4388'}"
,"{'1. open': '92.6823', '2. high': '92.6823', '3. low': '92.6823', '4. close': '92.6823', '5. volume': '41'}"
,"{'1. open': '92.4450', '2. high': '92.4450', '3. low': '92.4450', '4. close': '92.4450', '5. volume': '2'}"
,"{'1. open': '92.7650', '2. high': '92.7650', '3. low': '92.7650', '4. close': '92.7650', '5. volume': '58'}"
,"{'1. open': '92.7050', '2. high': '92.9295', '3. low': '92.7050', '4. close': '92.9062', '5. volume': '1510'}"
,"{'1. open': '92.3248', '2. high': '92.4035', '3. low': '92.3248', '4. close': '92.4035', '5. volume': '1011'}"
,"{'1. open': '92.2100', '2. high': '92.2650', '3. low': '92.2100', '4. close': '92.2650', '5. volume': '1090'}"
,"{'1. open': '92.2852', '2. high': '92.2852', '3. low': '92.2852', '4. close': '92.2852', '5. volume': '2'}"
,"{'1. open': '92.0111', '2. high': '92.0111', '3. low': '92.0111', '4. close': '92.0111', '5. volume': '3'}"
,"{'1. open': '92.1600', '2. high': '92.1600', '3. low': '92.1600', '4. close': '92.1600', '5. volume': '906'}"
,"{'1. open': '92.1301', '2. high': '92.1301', '3. low': '92.1150', '4. close': '92.1150', '5. volume': '226'}"
,"{'1. open': '92.3650', '2. high': '92.3650', '3. low': '92.3650', '4. close': '92.3650', '5. volume': '104'}"
,"{'1. open': '92.6092', '2. high': '92.6092', '3. low': '92.6092', '4. close': '92.6092', '5. volume': '7'}"
,"{'1. open': '92.6100', '2. high': '92.6300', '3. low': '92.5900', '4. close': '92.6169', '5. volume': '812'}"
,"{'1. open': '92.5099', '2. high': '92.5099', '3. low': '92.4689', '4. close': '92.4689', '5. volume': '168'}"
,"{'1. open': '92.4915', '2. high': '92.4915', '3. low': '92.4915', '4. close': '92.4915', '5. volume': '4'}"
,"{'1. open': '92.9212', '2. high': '92.9212', '3. low': '92.9212', '4. close': '92.9212', '5. volume': '100'}"
,"{'1. open': '93.0197', '2. high': '93.0197', '3. low': '92.9392', '4. close': '92.9392', '5. volume': '1611'}"
,"{'1. open': '92.7410', '2. high': '92.8150', '3. low': '92.7400', '4. close': '92.8150', '5. volume': '973'}"
,"{'1. open': '92.3500', '2. high': '92.4722', '3. low': '92.3427', '4. close': '92.4722', '5. volume': '4949'}"
,"{'1. open': '91.9400', '2. high': '92.1850', '3. low': '91.9400', '4. close': '92.1850', '5. volume': '106'}"
,"{'1. open': '91.8756', '2. high': '91.8756', '3. low': '91.8756', '4. close': '91.8756', '5. volume': '2'}"
,"{'1. open': '91.8100', '2. high': '91.8180', '3. low': '91.8100', '4. close': '91.8152', '5. volume': '752'}"
,"{'1. open': '92.1631', '2. high': '92.1631', '3. low': '92.1631', '4. close': '92.1631', '5. volume': '10'}"
,"{'1. open': '92.3501', '2. high': '92.3501', '3. low': '92.2666', '4. close': '92.2666', '5. volume': '114'}"
,"{'1. open': '92.8359', '2. high': '92.8359', '3. low': '92.8359', '4. close': '92.8359', '5. volume': '38'}"
,"{'1. open': '92.8098', '2. high': '92.8098', '3. low': '92.8098', '4. close': '92.8098', '5. volume': '19'}"
,"{'1. open': '92.4751', '2. high': '92.4751', '3. low': '92.4751', '4. close': '92.4751', '5. volume': '208'}"
,"{'1. open': '91.8300', '2. high': '91.8300', '3. low': '91.7655', '4. close': '91.7655', '5. volume': '235'}"
,"{'1. open': '92.0800', '2. high': '92.0800', '3. low': '92.0800', '4. close': '92.0800', '5. volume': '78'}"
,"{'1. open': '92.3446', '2. high': '92.3446', '3. low': '92.3446', '4. close': '92.3446', '5. volume': '4'}"
,"{'1. open': '91.6360', '2. high': '91.6360', '3. low': '91.6360', '4. close': '91.6360', '5. volume': '61'}"
,"{'1. open': '92.2700', '2. high': '92.2700', '3. low': '92.0670', '4. close': '92.0670', '5. volume': '108'}"
,"{'1. open': '91.5500', '2. high': '91.5500', '3. low': '91.4084', '4. close': '91.4084', '5. volume': '119'}"
,"{'1. open': '92.0099', '2. high': '92.2100', '3. low': '91.8243', '4. close': '91.8243', '5. volume': '214'}"
,"{'1. open': '91.1253', '2. high': '91.1253', '3. low': '91.1253', '4. close': '91.1253', '5. volume': '66'}"
,"{'1. open': '90.4263', '2. high': '90.4263', '3. low': '90.4263', '4. close': '90.4263', '5. volume': '94'}"
,"{'1. open': '90.2400', '2. high': '90.2500', '3. low': '90.0190', '4. close': '90.0190', '5. volume': '359'}"
,"{'1. open': '90.2400', '2. high': '90.2400', '3. low': '90.2100', '4. close': '90.2100', '5. volume': '319'}"
,"{'1. open': '90.4000', '2. high': '90.4000', '3. low': '90.4000', '4. close': '90.4000', '5. volume': '428'}"
,"{'1. open': '90.2100', '2. high': '90.3586', '3. low': '90.2100', '4. close': '90.3586', '5. volume': '543'}"
,"{'1. open': '90.0200', '2. high': '90.0850', '3. low': '90.0200', '4. close': '90.0850', '5. volume': '202'}"
,"{'1. open': '90.1500', '2. high': '90.2100', '3. low': '90.1500', '4. close': '90.2100', '5. volume': '272'}"
,"{'1. open': '90.3300', '2. high': '90.4353', '3. low': '90.3300', '4. close': '90.4353', '5. volume': '203'}"
,"{'1. open': '90.4000', '2. high': '90.4100', '3. low': '90.4000', '4. close': '90.4067', '5. volume': '226'}"
,"{'1. open': '90.3000', '2. high': '90.3000', '3. low': '90.2890', '4. close': '90.2950', '5. volume': '1348'}"
,"{'1. open': '90.5300', '2. high': '90.5910', '3. low': '90.5300', '4. close': '90.5910', '5. volume': '202'}"
,"{'1. open': '90.5399', '2. high': '90.5399', '3. low': '90.4300', '4. close': '90.4315', '5. volume': '269'}"
,"{'1. open': '90.5000', '2. high': '90.5000', '3. low': '90.5000', '4. close': '90.5000', '5. volume': '401'}"
,"{'1. open': '90.8177', '2. high': '90.8177', '3. low': '90.8177', '4. close': '90.8177', '5. volume': '15'}"
,"{'1. open': '90.8300', '2. high': '90.8300', '3. low': '90.8300', '4. close': '90.8300', '5. volume': '401'}"
,"{'1. open': '90.8350', '2. high': '90.8350', '3. low': '90.8350', '4. close': '90.8350', '5. volume': '8'}"
,"{'1. open': '90.8000', '2. high': '90.8773', '3. low': '90.8000', '4. close': '90.8773', '5. volume': '103'}"
,"{'1. open': '91.1459', '2. high': '91.1459', '3. low': '91.0999', '4. close': '91.1210', '5. volume': '1594'}"
,"{'1. open': '91.1500', '2. high': '91.1500', '3. low': '91.0950', '4. close': '91.0950', '5. volume': '741'}"
,"{'1. open': '91.4900', '2. high': '91.4900', '3. low': '91.2751', '4. close': '91.2751', '5. volume': '403'}"
,"{'1. open': '91.4761', '2. high': '91.4761', '3. low': '91.4761', '4. close': '91.4761', '5. volume': '1550'}"
,"{'1. open': '91.4500', '2. high': '91.4500', '3. low': '91.3630', '4. close': '91.3630', '5. volume': '555'}"
,"{'1. open': '91.4900', '2. high': '91.4900', '3. low': '91.4040', '4. close': '91.4040', '5. volume': '103'}"
,"{'1. open': '91.9000', '2. high': '91.9000', '3. low': '91.8600', '4. close': '91.8618', '5. volume': '400'}"
,"{'1. open': '92.4041', '2. high': '92.4041', '3. low': '92.4041', '4. close': '92.4041', '5. volume': '79'}"
,"{'1. open': '92.0150', '2. high': '92.3677', '3. low': '92.0150', '4. close': '92.3677', '5. volume': '2703'}"
,"{'1. open': '91.9625', '2. high': '91.9625', '3. low': '91.9625', '4. close': '91.9625', '5. volume': '3'}"
,"{'1. open': '91.7799', '2. high': '91.7799', '3. low': '91.7650', '4. close': '91.7650', '5. volume': '150'}"
,"{'1. open': '91.9003', '2. high': '91.9003', '3. low': '91.9003', '4. close': '91.9003', '5. volume': '7'}"
,"{'1. open': '92.1000', '2. high': '92.1000', '3. low': '91.9858', '4. close': '91.9858', '5. volume': '353'}"
,"{'1. open': '92.0400', '2. high': '92.1000', '3. low': '92.0400', '4. close': '92.1000', '5. volume': '143'}"
,"{'1. open': '92.0300', '2. high': '92.0657', '3. low': '92.0300', '4. close': '92.0657', '5. volume': '203'}"
,"{'1. open': '91.9250', '2. high': '91.9900', '3. low': '91.9250', '4. close': '91.9600', '5. volume': '1839'}"
,"{'1. open': '92.0800', '2. high': '92.0800', '3. low': '91.9700', '4. close': '92.0350', '5. volume': '405'}"
,"{'1. open': '92.2500', '2. high': '92.2800', '3. low': '92.2500', '4. close': '92.2752', '5. volume': '203'}"
,"{'1. open': '92.2400', '2. high': '92.4100', '3. low': '92.2350', '4. close': '92.3550', '5. volume': '7402'}"
,"{'1. open': '91.9100', '2. high': '91.9100', '3. low': '91.8116', '4. close': '91.8116', '5. volume': '1304'}"
,"{'1. open': '91.9100', '2. high': '91.9100', '3. low': '91.8299', '4. close': '91.8352', '5. volume': '3913'}"
,"{'1. open': '92.0693', '2. high': '92.0693', '3. low': '92.0693', '4. close': '92.0693', '5. volume': '3'}"
,"{'1. open': '91.5300', '2. high': '91.6407', '3. low': '91.5190', '4. close': '91.6407', '5. volume': '4053'}"
,"{'1. open': '91.3400', '2. high': '91.4400', '3. low': '91.3400', '4. close': '91.3861', '5. volume': '6504'}"
,"{'1. open': '91.4290', '2. high': '91.6000', '3. low': '91.4290', '4. close': '91.6000', '5. volume': '3790'}"
,"{'1. open': '90.9200', '2. high': '91.4083', '3. low': '90.9200', '4. close': '91.4083', '5. volume': '11299'}"
,"{'1. open': '90.7514', '2. high': '90.7514', '3. low': '90.7514', '4. close': '90.7514', '5. volume': '11'}"
,"{'1. open': '90.8792', '2. high': '90.8792', '3. low': '90.8792', '4. close': '90.8792', '5. volume': '103'}"
,"{'1. open': '90.5910', '2. high': '90.6188', '3. low': '90.5700', '4. close': '90.6188', '5. volume': '1715'}"
,"{'1. open': '90.4317', '2. high': '90.4317', '3. low': '90.4317', '4. close': '90.4317', '5. volume': '33'}"
,"{'1. open': '90.5923', '2. high': '90.5923', '3. low': '90.5923', '4. close': '90.5923', '5. volume': '84'}"
,"{'1. open': '90.4210', '2. high': '90.4347', '3. low': '90.4210', '4. close': '90.4347', '5. volume': '168'}"
,"{'1. open': '90.5096', '2. high': '90.5096', '3. low': '90.5096', '4. close': '90.5096', '5. volume': '15'}"
,"{'1. open': '90.7710', '2. high': '90.8045', '3. low': '90.7600', '4. close': '90.8045', '5. volume': '1308'}"
,"{'1. open': '90.9452', '2. high': '90.9452', '3. low': '90.9452', '4. close': '90.9452', '5. volume': '2'}"
,"{'1. open': '90.9657', '2. high': '90.9657', '3. low': '90.9657', '4. close': '90.9657', '5. volume': '171'}"
,"{'1. open': '91.1849', '2. high': '91.1849', '3. low': '91.1849', '4. close': '91.1849', '5. volume': '13'}"
,"{'1. open': '91.4899', '2. high': '91.4899', '3. low': '91.4354', '4. close': '91.4354', '5. volume': '491'}"
,"{'1. open': '91.7471', '2. high': '91.7471', '3. low': '91.7471', '4. close': '91.7471', '5. volume': '55'}"
,"{'1. open': '91.7350', '2. high': '91.7846', '3. low': '91.7350', '4. close': '91.7846', '5. volume': '1204'}"
,"{'1. open': '91.5600', '2. high': '91.7421', '3. low': '91.5600', '4. close': '91.7421', '5. volume': '102'}"
,"{'1. open': '91.9050', '2. high': '91.9050', '3. low': '91.6349', '4. close': '91.6349', '5. volume': '6260'}"
,"{'1. open': '91.4210', '2. high': '91.4210', '3. low': '91.2197', '4. close': '91.2197', '5. volume': '248'}"
,"{'1. open': '91.3139', '2. high': '91.3139', '3. low': '91.3139', '4. close': '91.3139', '5. volume': '52'}"
,"{'1. open': '91.5121', '2. high': '91.5121', '3. low': '91.5121', '4. close': '91.5121', '5. volume': '3'}"
,"{'1. open': '91.6599', '2. high': '91.6949', '3. low': '91.6533', '4. close': '91.6949', '5. volume': '715'}"
,"{'1. open': '91.3100', '2. high': '91.3100', '3. low': '91.3100', '4. close': '91.3100', '5. volume': '103'}"
,"{'1. open': '91.2550', '2. high': '91.3000', '3. low': '91.1549', '4. close': '91.1549', '5. volume': '1397'}"
,"{'1. open': '91.6001', '2. high': '91.6001', '3. low': '91.6001', '4. close': '91.6001', '5. volume': '2'}"
,"{'1. open': '91.3250', '2. high': '91.5161', '3. low': '91.3250', '4. close': '91.5161', '5. volume': '14968'}"
,"{'1. open': '90.4999', '2. high': '90.9600', '3. low': '90.4800', '4. close': '90.9600', '5. volume': '494'}"
,"{'1. open': '90.6151', '2. high': '90.6151', '3. low': '90.6151', '4. close': '90.6151', '5. volume': '123'}"
,"{'1. open': '90.8096', '2. high': '90.8096', '3. low': '90.8096', '4. close': '90.8096', '5. volume': '2440'}"
,"{'1. open': '90.6950', '2. high': '90.7793', '3. low': '90.6950', '4. close': '90.7793', '5. volume': '352'}"
,"{'1. open': '90.7200', '2. high': '90.7450', '3. low': '90.7200', '4. close': '90.7450', '5. volume': '383'}"
,"{'1. open': '90.4700', '2. high': '90.4700', '3. low': '90.4700', '4. close': '90.4700', '5. volume': '103'}"
,"{'1. open': '90.5400', '2. high': '90.5400', '3. low': '90.3449', '4. close': '90.3449', '5. volume': '6309'}"
,"{'1. open': '90.3855', '2. high': '90.3855', '3. low': '90.3855', '4. close': '90.3855', '5. volume': '2'}"
,"{'1. open': '90.4813', '2. high': '90.5950', '3. low': '90.4813', '4. close': '90.5653', '5. volume': '458'}"
,"{'1. open': '90.7200', '2. high': '90.8310', '3. low': '90.7000', '4. close': '90.8310', '5. volume': '375'}"
,"{'1. open': '90.5500', '2. high': '90.6169', '3. low': '90.5500', '4. close': '90.6169', '5. volume': '112'}"
,"{'1. open': '90.1969', '2. high': '90.2812', '3. low': '90.1969', '4. close': '90.2549', '5. volume': '1646'}"
,"{'1. open': '90.5500', '2. high': '90.5500', '3. low': '90.3650', '4. close': '90.3750', '5. volume': '715'}"
,"{'1. open': '90.3900', '2. high': '90.4419', '3. low': '90.2610', '4. close': '90.4244', '5. volume': '24776'}"
,"{'1. open': '89.2100', '2. high': '89.3500', '3. low': '89.2100', '4. close': '89.2600', '5. volume': '18223'}"
,"{'1. open': '88.9900', '2. high': '89.1801', '3. low': '88.8800', '4. close': '89.1798', '5. volume': '3775'}"
,"{'1. open': '88.9573', '2. high': '88.9573', '3. low': '88.9573', '4. close': '88.9573', '5. volume': '2'}"
,"{'1. open': '89.1016', '2. high': '89.1016', '3. low': '89.1016', '4. close': '89.1016', '5. volume': '2'}"
,"{'1. open': '89.0034', '2. high': '89.0034', '3. low': '89.0034', '4. close': '89.0034', '5. volume': '262'}"
,"{'1. open': '89.4195', '2. high': '89.4195', '3. low': '89.2116', '4. close': '89.2116', '5. volume': '135'}"
,"{'1. open': '89.3269', '2. high': '89.3269', '3. low': '89.3269', '4. close': '89.3269', '5. volume': '36'}"
,"{'1. open': '89.4200', '2. high': '89.4400', '3. low': '89.2400', '4. close': '89.2936', '5. volume': '4217'}"
,"{'1. open': '89.5400', '2. high': '89.5582', '3. low': '89.5200', '4. close': '89.5444', '5. volume': '1384'}"
,"{'1. open': '89.7100', '2. high': '89.7700', '3. low': '89.7100', '4. close': '89.7530', '5. volume': '2269'}"
,"{'1. open': '89.3850', '2. high': '89.4850', '3. low': '89.3850', '4. close': '89.4405', '5. volume': '3815'}"
,"{'1. open': '89.3195', '2. high': '89.3195', '3. low': '89.2663', '4. close': '89.2663', '5. volume': '136'}"
,"{'1. open': '88.8990', '2. high': '88.8990', '3. low': '88.8801', '4. close': '88.8801', '5. volume': '115'}"
,"{'1. open': '88.8895', '2. high': '88.8895', '3. low': '88.8895', '4. close': '88.8895', '5. volume': '131'}"
,"{'1. open': '88.6090', '2. high': '88.6090', '3. low': '88.6090', '4. close': '88.6090', '5. volume': '100'}"
,"{'1. open': '88.8918', '2. high': '88.8918', '3. low': '88.8918', '4. close': '88.8918', '5. volume': '30'}"
,"{'1. open': '89.3302', '2. high': '89.3302', '3. low': '89.3302', '4. close': '89.3302', '5. volume': '28'}"
,"{'1. open': '89.2619', '2. high': '89.2619', '3. low': '89.2129', '4. close': '89.2129', '5. volume': '169'}"
,"{'1. open': '89.1441', '2. high': '89.1441', '3. low': '89.1441', '4. close': '89.1441', '5. volume': '4'}"
,"{'1. open': '89.3060', '2. high': '89.3060', '3. low': '89.3060', '4. close': '89.3060', '5. volume': '2'}"
,"{'1. open': '89.5527', '2. high': '89.5527', '3. low': '89.5527', '4. close': '89.5527', '5. volume': '2'}"
,"{'1. open': '89.4410', '2. high': '89.4685', '3. low': '89.4401', '4. close': '89.4685', '5. volume': '861'}"
,"{'1. open': '89.4784', '2. high': '89.4784', '3. low': '89.4784', '4. close': '89.4784', '5. volume': '11'}"
,"{'1. open': '89.6105', '2. high': '89.6105', '3. low': '89.6105', '4. close': '89.6105', '5. volume': '2'}"
,"{'1. open': '89.9400', '2. high': '89.9400', '3. low': '89.9400', '4. close': '89.9400', '5. volume': '145'}"
,"{'1. open': '90.0721', '2. high': '90.0721', '3. low': '90.0721', '4. close': '90.0721', '5. volume': '44'}"
,"{'1. open': '90.5800', '2. high': '90.5800', '3. low': '90.4456', '4. close': '90.4456', '5. volume': '157'}"
,"{'1. open': '90.2700', '2. high': '90.4299', '3. low': '90.2536', '4. close': '90.2566', '5. volume': '738'}"
,"{'1. open': '90.0000', '2. high': '90.0000', '3. low': '89.6722', '4. close': '89.6722', '5. volume': '2654'}"
,"{'1. open': '89.7900', '2. high': '89.8400', '3. low': '89.7900', '4. close': '89.8128', '5. volume': '1090'}"
,"{'1. open': '89.7329', '2. high': '90.0741', '3. low': '89.6569', '4. close': '90.0741', '5. volume': '877'}"
,"{'1. open': '90.0300', '2. high': '90.0300', '3. low': '89.7100', '4. close': '89.7100', '5. volume': '2803'}"
,"{'1. open': '90.3401', '2. high': '90.3401', '3. low': '89.9500', '4. close': '89.9600', '5. volume': '1669'}"
,"{'1. open': '90.5110', '2. high': '90.6599', '3. low': '90.4600', '4. close': '90.6000', '5. volume': '14798'}"
,"{'1. open': '90.7696', '2. high': '90.8000', '3. low': '90.6905', '4. close': '90.7350', '5. volume': '8384'}"
,"{'1. open': '91.1301', '2. high': '91.3199', '3. low': '91.1301', '4. close': '91.3150', '5. volume': '7816'}"
,"{'1. open': '91.2198', '2. high': '91.2300', '3. low': '91.2150', '4. close': '91.2266', '5. volume': '2316'}"
,"{'1. open': '91.4500', '2. high': '91.4500', '3. low': '91.4489', '4. close': '91.4489', '5. volume': '116'}"
,"{'1. open': '91.6450', '2. high': '91.6450', '3. low': '91.6450', '4. close': '91.6450', '5. volume': '127'}"
,"{'1. open': '91.5850', '2. high': '91.5850', '3. low': '91.5450', '4. close': '91.5450', '5. volume': '127'}"
,"{'1. open': '91.6510', '2. high': '91.7900', '3. low': '91.6500', '4. close': '91.7284', '5. volume': '1854'}"
,"{'1. open': '91.7100', '2. high': '91.7588', '3. low': '91.7000', '4. close': '91.7588', '5. volume': '2403'}"
,"{'1. open': '92.1733', '2. high': '92.1733', '3. low': '92.1733', '4. close': '92.1733', '5. volume': '36'}"
,"{'1. open': '92.2212', '2. high': '92.2212', '3. low': '92.2212', '4. close': '92.2212', '5. volume': '58'}"
,"{'1. open': '92.2743', '2. high': '92.2743', '3. low': '92.2743', '4. close': '92.2743', '5. volume': '293'}"
,"{'1. open': '92.3100', '2. high': '92.4142', '3. low': '92.3100', '4. close': '92.4142', '5. volume': '293'}"
,"{'1. open': '92.1174', '2. high': '92.1174', '3. low': '92.1174', '4. close': '92.1174', '5. volume': '19'}"
,"{'1. open': '92.5700', '2. high': '92.5701', '3. low': '92.5250', '4. close': '92.5701', '5. volume': '2001'}"
,"{'1. open': '92.2850', '2. high': '92.3000', '3. low': '92.2840', '4. close': '92.2840', '5. volume': '756'}"
,"{'1. open': '92.7000', '2. high': '92.7200', '3. low': '92.6650', '4. close': '92.6650', '5. volume': '2715'}"
,"{'1. open': '92.6966', '2. high': '92.6966', '3. low': '92.6966', '4. close': '92.6966', '5. volume': '3'}"
,"{'1. open': '92.7593', '2. high': '92.7593', '3. low': '92.7400', '4. close': '92.7400', '5. volume': '799'}"
,"{'1. open': '93.0200', '2. high': '93.0200', '3. low': '93.0050', '4. close': '93.0050', '5. volume': '226'}"
,"{'1. open': '93.1124', '2. high': '93.1124', '3. low': '93.1124', '4. close': '93.1124', '5. volume': '1259'}"
,"{'1. open': '92.8400', '2. high': '92.8584', '3. low': '92.8300', '4. close': '92.8584', '5. volume': '1259'}"
,"{'1. open': '93.0450', '2. high': '93.0450', '3. low': '93.0072', '4. close': '93.0072', '5. volume': '4602'}"
,"{'1. open': '93.1001', '2. high': '93.1001', '3. low': '93.0550', '4. close': '93.0550', '5. volume': '348'}"
,"{'1. open': '93.3000', '2. high': '93.3000', '3. low': '93.3000', '4. close': '93.3000', '5. volume': '6692'}"
,"{'1. open': '93.5500', '2. high': '93.5500', '3. low': '93.5250', '4. close': '93.5251', '5. volume': '6692'}"
,"{'1. open': '93.4270', '2. high': '93.4270', '3. low': '93.4270', '4. close': '93.4270', '5. volume': '2'}"
,"{'1. open': '93.7423', '2. high': '93.7423', '3. low': '93.7423', '4. close': '93.7423', '5. volume': '3'}"
,"{'1. open': '93.9599', '2. high': '93.9599', '3. low': '93.8743', '4. close': '93.8743', '5. volume': '157'}"
,"{'1. open': '93.7130', '2. high': '93.7130', '3. low': '93.7130', '4. close': '93.7130', '5. volume': '7'}"
,"{'1. open': '93.5561', '2. high': '93.5561', '3. low': '93.5561', '4. close': '93.5561', '5. volume': '18'}"
,"{'1. open': '93.9000', '2. high': '93.9000', '3. low': '93.8950', '4. close': '93.8950', '5. volume': '236'}"
,"{'1. open': '93.5616', '2. high': '93.6116', '3. low': '93.5616', '4. close': '93.6116', '5. volume': '403'}"
,"{'1. open': '93.7750', '2. high': '93.7750', '3. low': '93.7750', '4. close': '93.7750', '5. volume': '24'}"
,"{'1. open': '93.5948', '2. high': '93.5948', '3. low': '93.5948', '4. close': '93.5948', '5. volume': '9768'}"
,"{'1. open': '94.0500', '2. high': '94.1843', '3. low': '94.0500', '4. close': '94.1843', '5. volume': '9768'}"
,"{'1. open': '93.6500', '2. high': '93.9832', '3. low': '93.6500', '4. close': '93.9832', '5. volume': '376'}"
,"{'1. open': '94.2250', '2. high': '94.2250', '3. low': '93.8000', '4. close': '93.8450', '5. volume': '10729'}"
,"{'1. open': '94.5300', '2. high': '94.5300', '3. low': '94.4950', '4. close': '94.4950', '5. volume': '365'}"
,"{'1. open': '94.3900', '2. high': '94.4150', '3. low': '94.3900', '4. close': '94.4150', '5. volume': '371'}"
,"{'1. open': '94.3600', '2. high': '94.3600', '3. low': '94.3350', '4. close': '94.3350', '5. volume': '402'}"
,"{'1. open': '93.7700', '2. high': '93.9100', '3. low': '93.7700', '4. close': '93.9100', '5. volume': '103'}"
,"{'1. open': '93.7799', '2. high': '93.7799', '3. low': '93.5988', '4. close': '93.5988', '5. volume': '482'}"
,"{'1. open': '93.6500', '2. high': '93.6500', '3. low': '93.6500', '4. close': '93.6500', '5. volume': '3'}"
,"{'1. open': '93.7811', '2. high': '93.7811', '3. low': '93.7811', '4. close': '93.7811', '5. volume': '76'}"
,"{'1. open': '93.3161', '2. high': '93.3161', '3. low': '93.3161', '4. close': '93.3161', '5. volume': '37'}"
,"{'1. open': '92.7850', '2. high': '92.7850', '3. low': '92.7850', '4. close': '92.7850', '5. volume': '3'}"
,"{'1. open': '92.8367', '2. high': '92.8367', '3. low': '92.8367', '4. close': '92.8367', '5. volume': '3'}"
,"{'1. open': '92.8500', '2. high': '93.0450', '3. low': '92.8500', '4. close': '93.0450', '5. volume': '134'}"
,"{'1. open': '93.0950', '2. high': '93.0950', '3. low': '93.0950', '4. close': '93.0950', '5. volume': '2'}"
,"{'1. open': '92.9967', '2. high': '92.9967', '3. low': '92.9967', '4. close': '92.9967', '5. volume': '2'}"
,"{'1. open': '93.0668', '2. high': '93.1258', '3. low': '93.0668', '4. close': '93.1258', '5. volume': '186'}"
,"{'1. open': '93.1000', '2. high': '93.1000', '3. low': '93.1000', '4. close': '93.1000', '5. volume': '4'}"
,"{'1. open': '92.9521', '2. high': '92.9521', '3. low': '92.9521', '4. close': '92.9521', '5. volume': '3'}"
,"{'1. open': '92.7600', '2. high': '92.7600', '3. low': '92.7600', '4. close': '92.7600', '5. volume': '4'}"
,"{'1. open': '92.9150', '2. high': '92.9150', '3. low': '92.9150', '4. close': '92.9150', '5. volume': '4'}"
,"{'1. open': '93.1850', '2. high': '93.1850', '3. low': '93.1014', '4. close': '93.1014', '5. volume': '302'}"
,"{'1. open': '93.5500', '2. high': '93.5500', '3. low': '93.5500', '4. close': '93.5500', '5. volume': '110'}"
,"{'1. open': '93.4250', '2. high': '93.4250', '3. low': '93.4250', '4. close': '93.4250', '5. volume': '84'}"
,"{'1. open': '92.8779', '2. high': '92.8779', '3. low': '92.8779', '4. close': '92.8779', '5. volume': '98'}"
,"{'1. open': '92.4300', '2. high': '92.5000', '3. low': '92.4299', '4. close': '92.5000', '5. volume': '487'}"
,"{'1. open': '92.2145', '2. high': '92.2145', '3. low': '92.2145', '4. close': '92.2145', '5. volume': '7'}"
,"{'1. open': '92.3970', '2. high': '92.3970', '3. low': '92.3170', '4. close': '92.3170', '5. volume': '366'}"
,"{'1. open': '92.6000', '2. high': '92.6000', '3. low': '92.5450', '4. close': '92.5450', '5. volume': '270'}"
,"{'1. open': '92.5976', '2. high': '92.5976', '3. low': '92.5976', '4. close': '92.5976', '5. volume': '90'}"
,"{'1. open': '92.3947', '2. high': '92.3947', '3. low': '92.3947', '4. close': '92.3947', '5. volume': '12'}"
,"{'1. open': '91.9050', '2. high': '91.9050', '3. low': '91.9050', '4. close': '91.9050', '5. volume': '12'}"
,"{'1. open': '92.0378', '2. high': '92.0378', '3. low': '92.0378', '4. close': '92.0378', '5. volume': '52'}"
,"{'1. open': '92.0751', '2. high': '92.0751', '3. low': '92.0751', '4. close': '92.0751', '5. volume': '2'}"
,"{'1. open': '91.8600', '2. high': '91.8600', '3. low': '91.8600', '4. close': '91.8600', '5. volume': '18'}"
,"{'1. open': '91.1784', '2. high': '91.1784', '3. low': '91.1784', '4. close': '91.1784', '5. volume': '18'}"
,"{'1. open': '91.7700', '2. high': '91.7700', '3. low': '91.5270', '4. close': '91.5270', '5. volume': '114'}"
,"{'1. open': '92.7200', '2. high': '92.7200', '3. low': '92.4326', '4. close': '92.4326', '5. volume': '153'}"
,"{'1. open': '93.0796', '2. high': '93.0796', '3. low': '93.0500', '4. close': '93.0500', '5. volume': '181'}"
,"{'1. open': '93.1750', '2. high': '93.1750', '3. low': '93.1750', '4. close': '93.1750', '5. volume': '3'}"
,"{'1. open': '93.3179', '2. high': '93.3179', '3. low': '93.3179', '4. close': '93.3179', '5. volume': '7'}"
,"{'1. open': '93.1991', '2. high': '93.1991', '3. low': '93.1991', '4. close': '93.1991', '5. volume': '3'}"
,"{'1. open': '93.4500', '2. high': '93.6300', '3. low': '93.4500', '4. close': '93.4544', '5. volume': '1692'}"
,"{'1. open': '93.5450', '2. high': '93.5450', '3. low': '93.5450', '4. close': '93.5450', '5. volume': '2'}"
,"{'1. open': '93.5600', '2. high': '93.5600', '3. low': '93.4514', '4. close': '93.4950', '5. volume': '391'}"
,"{'1. open': '93.7800', '2. high': '93.7925', '3. low': '93.7550', '4. close': '93.7925', '5. volume': '268'}"
,"{'1. open': '94.0900', '2. high': '94.1400', '3. low': '94.0900', '4. close': '94.1400', '5. volume': '147'}"
,"{'1. open': '93.9940', '2. high': '94.0900', '3. low': '93.9940', '4. close': '94.0900', '5. volume': '250'}"
,"{'1. open': '94.0079', '2. high': '94.0079', '3. low': '94.0079', '4. close': '94.0079', '5. volume': '82'}"
,"{'1. open': '93.8499', '2. high': '93.8499', '3. low': '93.8124', '4. close': '93.8124', '5. volume': '199'}"
,"{'1. open': '93.4200', '2. high': '93.4200', '3. low': '93.4200', '4. close': '93.4200', '5. volume': '3'}"
,"{'1. open': '93.6096', '2. high': '93.6096', '3. low': '93.6096', '4. close': '93.6096', '5. volume': '7'}"
,"{'1. open': '93.4443', '2. high': '93.4443', '3. low': '93.4443', '4. close': '93.4443', '5. volume': '2'}"
,"{'1. open': '93.2600', '2. high': '93.2900', '3. low': '93.2450', '4. close': '93.2450', '5. volume': '601'}"
,"{'1. open': '93.0897', '2. high': '93.0897', '3. low': '93.0897', '4. close': '93.0897', '5. volume': '3'}"
,"{'1. open': '93.5299', '2. high': '93.5299', '3. low': '93.4600', '4. close': '93.4750', '5. volume': '614'}"
,"{'1. open': '93.3050', '2. high': '93.3050', '3. low': '93.3050', '4. close': '93.3050', '5. volume': '11'}"
,"{'1. open': '93.4797', '2. high': '93.4797', '3. low': '93.4797', '4. close': '93.4797', '5. volume': '29'}"
,"{'1. open': '93.3100', '2. high': '93.3100', '3. low': '93.3100', '4. close': '93.3100', '5. volume': '20'}"
,"{'1. open': '93.1900', '2. high': '93.2000', '3. low': '93.1900', '4. close': '93.1917', '5. volume': '399'}"
,"{'1. open': '92.9100', '2. high': '93.0808', '3. low': '92.9100', '4. close': '93.0808', '5. volume': '1373'}"
,"{'1. open': '92.7900', '2. high': '92.7900', '3. low': '92.7900', '4. close': '92.7900', '5. volume': '63'}"
,"{'1. open': '92.9810', '2. high': '92.9810', '3. low': '92.7900', '4. close': '92.9605', '5. volume': '436'}"
,"{'1. open': '92.8800', '2. high': '93.2767', '3. low': '92.8800', '4. close': '93.2767', '5. volume': '803'}"
,"{'1. open': '93.1000', '2. high': '93.1000', '3. low': '92.9452', '4. close': '92.9452', '5. volume': '755'}"
,"{'1. open': '92.8886', '2. high': '92.8886', '3. low': '92.8886', '4. close': '92.8886', '5. volume': '2'}"
,"{'1. open': '93.2600', '2. high': '93.2700', '3. low': '93.2387', '4. close': '93.2387', '5. volume': '11026'}"
,"{'1. open': '93.3105', '2. high': '93.4028', '3. low': '93.3105', '4. close': '93.4028', '5. volume': '320'}"
,"{'1. open': '93.6200', '2. high': '93.6200', '3. low': '93.5149', '4. close': '93.5149', '5. volume': '514'}"
,"{'1. open': '93.6500', '2. high': '93.6806', '3. low': '93.6149', '4. close': '93.6806', '5. volume': '450'}"
,"{'1. open': '93.4000', '2. high': '93.4500', '3. low': '93.4000', '4. close': '93.4500', '5. volume': '404'}"
,"{'1. open': '93.1637', '2. high': '93.1637', '3. low': '93.1637', '4. close': '93.1637', '5. volume': '7'}"
,"{'1. open': '93.2292', '2. high': '93.2292', '3. low': '93.2292', '4. close': '93.2292', '5. volume': '3'}"
,"{'1. open': '93.4000', '2. high': '93.4000', '3. low': '93.4000', '4. close': '93.4000', '5. volume': '127'}"
,"{'1. open': '93.2754', '2. high': '93.2754', '3. low': '93.2754', '4. close': '93.2754', '5. volume': '6221'}"
,"{'1. open': '93.6650', '2. high': '93.6650', '3. low': '93.6650', '4. close': '93.6650', '5. volume': '2'}"
,"{'1. open': '93.7150', '2. high': '93.7150', '3. low': '93.7150', '4. close': '93.7150', '5. volume': '3'}"
,"{'1. open': '94.0556', '2. high': '94.0556', '3. low': '94.0556', '4. close': '94.0556', '5. volume': '1305'}"
,"{'1. open': '94.0313', '2. high': '94.0313', '3. low': '94.0313', '4. close': '94.0313', '5. volume': '5'}"
,"{'1. open': '93.7100', '2. high': '93.7100', '3. low': '93.6835', '4. close': '93.6835', '5. volume': '327'}"
,"{'1. open': '93.8651', '2. high': '93.8651', '3. low': '93.8651', '4. close': '93.8651', '5. volume': '1482'}"
,"{'1. open': '94.1100', '2. high': '94.1100', '3. low': '94.0753', '4. close': '94.0753', '5. volume': '543'}"
,"{'1. open': '94.0700', '2. high': '94.1110', '3. low': '94.0700', '4. close': '94.1000', '5. volume': '2898'}"
,"{'1. open': '94.1800', '2. high': '94.1800', '3. low': '94.1650', '4. close': '94.1650', '5. volume': '462'}"
,"{'1. open': '94.6100', '2. high': '94.6100', '3. low': '94.6100', '4. close': '94.6100', '5. volume': '11'}"
,"{'1. open': '94.6100', '2. high': '95.0700', '3. low': '94.5100', '4. close': '94.5100', '5. volume': '19678'}"
,"{'1. open': '95.0089', '2. high': '95.0089', '3. low': '94.8715', '4. close': '94.8715', '5. volume': '906'}"
,"{'1. open': '94.7110', '2. high': '94.8392', '3. low': '94.7100', '4. close': '94.8392', '5. volume': '2615'}"
,"{'1. open': '94.5200', '2. high': '94.6470', '3. low': '94.5200', '4. close': '94.6470', '5. volume': '1004'}"
,"{'1. open': '94.6462', '2. high': '94.6462', '3. low': '94.6462', '4. close': '94.6462', '5. volume': '11'}"
,"{'1. open': '94.6209', '2. high': '94.6209', '3. low': '94.6209', '4. close': '94.6209', '5. volume': '5'}"
,"{'1. open': '95.0865', '2. high': '95.0865', '3. low': '95.0865', '4. close': '95.0865', '5. volume': '4'}"
,"{'1. open': '95.2136', '2. high': '95.2136', '3. low': '95.2136', '4. close': '95.2136', '5. volume': '7'}"
,"{'1. open': '94.9970', '2. high': '94.9970', '3. low': '94.9970', '4. close': '94.9970', '5. volume': '7'}"
,"{'1. open': '95.1500', '2. high': '95.1692', '3. low': '95.1401', '4. close': '95.1512', '5. volume': '503'}"
,"{'1. open': '95.7017', '2. high': '95.7017', '3. low': '95.7017', '4. close': '95.7017', '5. volume': '23'}"
,"{'1. open': '95.5998', '2. high': '95.5998', '3. low': '95.5998', '4. close': '95.5998', '5. volume': '23'}"
,"{'1. open': '95.4858', '2. high': '95.4858', '3. low': '95.4858', '4. close': '95.4858', '5. volume': '20'}"
,"{'1. open': '95.5408', '2. high': '95.5408', '3. low': '95.5408', '4. close': '95.5408', '5. volume': '26'}"
,"{'1. open': '95.5593', '2. high': '95.5593', '3. low': '95.5593', '4. close': '95.5593', '5. volume': '31'}"
,"{'1. open': '96.0301', '2. high': '96.0301', '3. low': '96.0301', '4. close': '96.0301', '5. volume': '139'}"
,"{'1. open': '96.0850', '2. high': '96.0850', '3. low': '96.0850', '4. close': '96.0850', '5. volume': '5'}"
,"{'1. open': '96.2619', '2. high': '96.2619', '3. low': '96.2619', '4. close': '96.2619', '5. volume': '30'}"
,"{'1. open': '96.4650', '2. high': '96.4650', '3. low': '96.4650', '4. close': '96.4650', '5. volume': '23'}"
,"{'1. open': '96.8178', '2. high': '96.8178', '3. low': '96.8178', '4. close': '96.8178', '5. volume': '2'}"
,"{'1. open': '97.0564', '2. high': '97.0564', '3. low': '97.0564', '4. close': '97.0564', '5. volume': '14'}"
,"{'1. open': '96.7938', '2. high': '96.7938', '3. low': '96.7938', '4. close': '96.7938', '5. volume': '4'}"
,"{'1. open': '97.0500', '2. high': '97.0500', '3. low': '96.7511', '4. close': '96.7511', '5. volume': '316'}"
,"{'1. open': '97.2800', '2. high': '97.2921', '3. low': '97.2800', '4. close': '97.2921', '5. volume': '107'}"
,"{'1. open': '96.9391', '2. high': '96.9391', '3. low': '96.9391', '4. close': '96.9391', '5. volume': '43'}"
,"{'1. open': '96.4950', '2. high': '96.4950', '3. low': '96.4950', '4. close': '96.4950', '5. volume': '10'}"
,"{'1. open': '96.4816', '2. high': '96.4816', '3. low': '96.4816', '4. close': '96.4816', '5. volume': '48'}"
,"{'1. open': '96.3904', '2. high': '96.3904', '3. low': '96.3904', '4. close': '96.3904', '5. volume': '22'}"
,"{'1. open': '96.5400', '2. high': '96.5500', '3. low': '96.5239', '4. close': '96.5239', '5. volume': '156012'}"
,"{'1. open': '96.6423', '2. high': '96.6423', '3. low': '96.6423', '4. close': '96.6423', '5. volume': '2'}"
,"{'1. open': '96.5672', '2. high': '96.5672', '3. low': '96.5672', '4. close': '96.5672', '5. volume': '4'}"
,"{'1. open': '96.4341', '2. high': '96.4341', '3. low': '96.4341', '4. close': '96.4341', '5. volume': '2'}"
,"{'1. open': '96.3590', '2. high': '96.3590', '3. low': '96.3550', '4. close': '96.3550', '5. volume': '103'}"
,"{'1. open': '96.4243', '2. high': '96.4243', '3. low': '96.4243', '4. close': '96.4243', '5. volume': '13'}"
,"{'1. open': '96.6854', '2. high': '96.6854', '3. low': '96.6854', '4. close': '96.6854', '5. volume': '4'}"
,"{'1. open': '96.2838', '2. high': '96.2838', '3. low': '96.2838', '4. close': '96.2838', '5. volume': '2'}"
,"{'1. open': '96.8550', '2. high': '96.8550', '3. low': '96.8550', '4. close': '96.8550', '5. volume': '2'}"
,"{'1. open': '96.8277', '2. high': '96.8277', '3. low': '96.8277', '4. close': '96.8277', '5. volume': '3'}"
,"{'1. open': '96.9504', '2. high': '96.9684', '3. low': '96.9504', '4. close': '96.9684', '5. volume': '502'}"
,"{'1. open': '96.9290', '2. high': '96.9290', '3. low': '96.9250', '4. close': '96.9250', '5. volume': '104'}"
,"{'1. open': '97.3090', '2. high': '97.3099', '3. low': '97.2550', '4. close': '97.3099', '5. volume': '221'}"
,"{'1. open': '97.4742', '2. high': '97.4742', '3. low': '97.4742', '4. close': '97.4742', '5. volume': '4'}"
,"{'1. open': '97.4050', '2. high': '97.4050', '3. low': '97.4000', '4. close': '97.4000', '5. volume': '280'}"
,"{'1. open': '97.4510', '2. high': '97.4510', '3. low': '97.4174', '4. close': '97.4174', '5. volume': '935'}"
,"{'1. open': '97.3110', '2. high': '97.4121', '3. low': '97.3110', '4. close': '97.4121', '5. volume': '925'}"
,"{'1. open': '97.3890', '2. high': '97.3890', '3. low': '97.3100', '4. close': '97.3100', '5. volume': '206'}"
,"{'1. open': '97.3395', '2. high': '97.3395', '3. low': '97.3395', '4. close': '97.3395', '5. volume': '5'}"
,"{'1. open': '97.6701', '2. high': '97.6701', '3. low': '97.6316', '4. close': '97.6316', '5. volume': '106'}"
,"{'1. open': '97.7699', '2. high': '97.8400', '3. low': '97.7102', '4. close': '97.7102', '5. volume': '6378'}"
,"{'1. open': '97.6900', '2. high': '97.6900', '3. low': '97.6900', '4. close': '97.6900', '5. volume': '84'}"
,"{'1. open': '97.5026', '2. high': '97.5026', '3. low': '97.5026', '4. close': '97.5026', '5. volume': '2'}"
,"{'1. open': '97.5050', '2. high': '97.5050', '3. low': '97.4942', '4. close': '97.4942', '5. volume': '103'}"
,"{'1. open': '97.4400', '2. high': '97.4400', '3. low': '97.4107', '4. close': '97.4107', '5. volume': '163'}"
,"{'1. open': '97.8085', '2. high': '97.8085', '3. low': '97.7350', '4. close': '97.7350', '5. volume': '133'}"
,"{'1. open': '97.9910', '2. high': '97.9910', '3. low': '97.9910', '4. close': '97.9910', '5. volume': '2'}"
,"{'1. open': '97.9250', '2. high': '97.9250', '3. low': '97.9200', '4. close': '97.9200', '5. volume': '104'}"
,"{'1. open': '97.8500', '2. high': '97.9223', '3. low': '97.8500', '4. close': '97.9223', '5. volume': '103'}"
,"{'1. open': '97.8400', '2. high': '97.9000', '3. low': '97.8300', '4. close': '97.8451', '5. volume': '8362'}"
,"{'1. open': '97.8946', '2. high': '97.8946', '3. low': '97.8946', '4. close': '97.8946', '5. volume': '3'}"
,"{'1. open': '97.9850', '2. high': '97.9850', '3. low': '97.9850', '4. close': '97.9850', '5. volume': '104'}"
,"{'1. open': '98.2500', '2. high': '98.2700', '3. low': '98.0901', '4. close': '98.0964', '5. volume': '356863'}"
,"{'1. open': '98.2800', '2. high': '98.2915', '3. low': '98.2800', '4. close': '98.2915', '5. volume': '356148'}"
,"{'1. open': '98.3100', '2. high': '98.3100', '3. low': '98.2947', '4. close': '98.2947', '5. volume': '177'}"
,"{'1. open': '98.5850', '2. high': '98.5850', '3. low': '98.5850', '4. close': '98.5850', '5. volume': '5'}"
,"{'1. open': '98.6095', '2. high': '98.6095', '3. low': '98.6095', '4. close': '98.6095', '5. volume': '83'}"
,"{'1. open': '98.4700', '2. high': '98.4850', '3. low': '98.4700', '4. close': '98.4850', '5. volume': '402'}"
,"{'1. open': '98.6100', '2. high': '98.6100', '3. low': '98.5900', '4. close': '98.5900', '5. volume': '160'}"
,"{'1. open': '98.5400', '2. high': '98.5500', '3. low': '98.2700', '4. close': '98.5500', '5. volume': '2513'}"
,"{'1. open': '98.5300', '2. high': '98.5417', '3. low': '98.5300', '4. close': '98.5417', '5. volume': '505'}"
,"{'1. open': '98.5918', '2. high': '98.5918', '3. low': '98.5918', '4. close': '98.5918', '5. volume': '2'}"
,"{'1. open': '98.5000', '2. high': '98.5000', '3. low': '98.5000', '4. close': '98.5000', '5. volume': '199'}"
,"{'1. open': '98.6450', '2. high': '98.6450', '3. low': '98.6450', '4. close': '98.6450', '5. volume': '48'}"
,"{'1. open': '98.6400', '2. high': '98.6400', '3. low': '98.6400', '4. close': '98.6400', '5. volume': '54'}"
,"{'1. open': '98.6310', '2. high': '98.6512', '3. low': '98.6245', '4. close': '98.6512', '5. volume': '597'}"
,"{'1. open': '98.4340', '2. high': '98.4436', '3. low': '98.4340', '4. close': '98.4436', '5. volume': '1005'}"
,"{'1. open': '98.5450', '2. high': '98.5450', '3. low': '98.5450', '4. close': '98.5450', '5. volume': '3'}"
,"{'1. open': '98.5666', '2. high': '98.6350', '3. low': '98.5666', '4. close': '98.6350', '5. volume': '1116'}"
,"{'1. open': '98.5100', '2. high': '98.5100', '3. low': '98.5100', '4. close': '98.5100', '5. volume': '71'}"
,"{'1. open': '98.4800', '2. high': '98.4946', '3. low': '98.4688', '4. close': '98.4688', '5. volume': '308'}"
,"{'1. open': '98.3910', '2. high': '98.4450', '3. low': '98.3910', '4. close': '98.4450', '5. volume': '752'}"
,"{'1. open': '98.5100', '2. high': '98.5100', '3. low': '98.5100', '4. close': '98.5100', '5. volume': '88'}"
,"{'1. open': '98.5950', '2. high': '98.5950', '3. low': '98.5950', '4. close': '98.5950', '5. volume': '38'}"
,"{'1. open': '98.7900', '2. high': '98.8034', '3. low': '98.7681', '4. close': '98.7681', '5. volume': '2036'}"
,"{'1. open': '98.5825', '2. high': '98.5825', '3. low': '98.5825', '4. close': '98.5825', '5. volume': '5'}"
,"{'1. open': '98.6127', '2. high': '98.6127', '3. low': '98.6127', '4. close': '98.6127', '5. volume': '13'}"
,"{'1. open': '98.8900', '2. high': '98.8900', '3. low': '98.6405', '4. close': '98.6405', '5. volume': '354054'}"
,"{'1. open': '98.5500', '2. high': '98.5900', '3. low': '98.5500', '4. close': '98.5650', '5. volume': '2489'}"
,"{'1. open': '98.5999', '2. high': '98.5999', '3. low': '98.5480', '4. close': '98.5480', '5. volume': '174'}"
,"{'1. open': '98.1850', '2. high': '98.1850', '3. low': '98.1850', '4. close': '98.1850', '5. volume': '12'}"
,"{'1. open': '98.1725', '2. high': '98.1725', '3. low': '98.1725', '4. close': '98.1725', '5. volume': '4'}"
,"{'1. open': '98.2700', '2. high': '98.2700', '3. low': '98.2700', '4. close': '98.2700', '5. volume': '26'}"
,"{'1. open': '98.6050', '2. high': '98.6050', '3. low': '98.6050', '4. close': '98.6050', '5. volume': '338'}"
,"{'1. open': '98.6400', '2. high': '98.6400', '3. low': '98.5800', '4. close': '98.5800', '5. volume': '1041'}"
,"{'1. open': '98.5300', '2. high': '98.5300', '3. low': '98.5300', '4. close': '98.5300', '5. volume': '42'}"
,"{'1. open': '98.5001', '2. high': '98.5001', '3. low': '98.4500', '4. close': '98.4500', '5. volume': '466'}"
,"{'1. open': '98.5071', '2. high': '98.5071', '3. low': '98.5071', '4. close': '98.5071', '5. volume': '3'}"
,"{'1. open': '98.7300', '2. high': '98.7300', '3. low': '98.5500', '4. close': '98.6343', '5. volume': '1549'}"
,"{'1. open': '98.5850', '2. high': '98.5850', '3. low': '98.5850', '4. close': '98.5850', '5. volume': '12'}"
,"{'1. open': '98.7000', '2. high': '98.7000', '3. low': '98.7000', '4. close': '98.7000', '5. volume': '9'}"
,"{'1. open': '99.0640', '2. high': '99.0640', '3. low': '99.0640', '4. close': '99.0640', '5. volume': '4'}"
,"{'1. open': '98.9500', '2. high': '98.9799', '3. low': '98.8800', '4. close': '98.9250', '5. volume': '2454'}"
,"{'1. open': '99.0450', '2. high': '99.1100', '3. low': '99.0100', '4. close': '99.1100', '5. volume': '924'}"
,"{'1. open': '98.9101', '2. high': '98.9101', '3. low': '98.9101', '4. close': '98.9101', '5. volume': '41'}"
,"{'1. open': '98.7000', '2. high': '98.7700', '3. low': '98.6950', '4. close': '98.6950', '5. volume': '610'}"
,"{'1. open': '98.7500', '2. high': '98.7500', '3. low': '98.7500', '4. close': '98.7500', '5. volume': '157'}"
,"{'1. open': '98.6700', '2. high': '98.6800', '3. low': '98.5300', '4. close': '98.6172', '5. volume': '1840'}"
,"{'1. open': '98.6806', '2. high': '98.6806', '3. low': '98.6806', '4. close': '98.6806', '5. volume': '7'}"
,"{'1. open': '98.6400', '2. high': '98.6500', '3. low': '98.6400', '4. close': '98.6500', '5. volume': '307'}"
,"{'1. open': '98.7700', '2. high': '98.7700', '3. low': '98.7700', '4. close': '98.7700', '5. volume': '8'}"
,"{'1. open': '98.6300', '2. high': '98.6300', '3. low': '98.6300', '4. close': '98.6300', '5. volume': '50716'}"
,"{'1. open': '98.5700', '2. high': '98.5700', '3. low': '98.5700', '4. close': '98.5700', '5. volume': '48'}"
,"{'1. open': '98.4000', '2. high': '98.5118', '3. low': '98.4000', '4. close': '98.5118', '5. volume': '205'}"
,"{'1. open': '98.4750', '2. high': '98.4750', '3. low': '98.4750', '4. close': '98.4750', '5. volume': '100'}"
,"{'1. open': '98.5700', '2. high': '98.6900', '3. low': '98.5700', '4. close': '98.6745', '5. volume': '845'}"
,"{'1. open': '98.5800', '2. high': '98.5950', '3. low': '98.5800', '4. close': '98.5950', '5. volume': '254'}"
,"{'1. open': '98.6700', '2. high': '98.6700', '3. low': '98.6700', '4. close': '98.6700', '5. volume': '2'}"
,"{'1. open': '98.7750', '2. high': '98.7750', '3. low': '98.7750', '4. close': '98.7750', '5. volume': '4'}"
,"{'1. open': '98.9400', '2. high': '98.9400', '3. low': '98.9400', '4. close': '98.9400', '5. volume': '6'}"
,"{'1. open': '98.8370', '2. high': '98.8370', '3. low': '98.8370', '4. close': '98.8370', '5. volume': '51'}"
,"{'1. open': '98.8250', '2. high': '98.8250', '3. low': '98.8250', '4. close': '98.8250', '5. volume': '26'}"
,"{'1. open': '98.7650', '2. high': '98.7650', '3. low': '98.7244', '4. close': '98.7244', '5. volume': '125'}"
,"{'1. open': '98.8600', '2. high': '98.8600', '3. low': '98.8600', '4. close': '98.8600', '5. volume': '6'}"
,"{'1. open': '98.9097', '2. high': '98.9150', '3. low': '98.9097', '4. close': '98.9150', '5. volume': '252'}"
,"{'1. open': '99.0600', '2. high': '99.0600', '3. low': '99.0600', '4. close': '99.0600', '5. volume': '5'}"
,"{'1. open': '99.0650', '2. high': '99.0650', '3. low': '99.0650', '4. close': '99.0650', '5. volume': '16'}"
,"{'1. open': '99.1500', '2. high': '99.1500', '3. low': '99.1500', '4. close': '99.1500', '5. volume': '6'}"
,"{'1. open': '99.1800', '2. high': '99.1800', '3. low': '99.1800', '4. close': '99.1800', '5. volume': '18'}"
,"{'1. open': '99.0200', '2. high': '99.0200', '3. low': '99.0200', '4. close': '99.0200', '5. volume': '76'}"
,"{'1. open': '98.9849', '2. high': '98.9849', '3. low': '98.9849', '4. close': '98.9849', '5. volume': '33'}"
,"{'1. open': '98.9650', '2. high': '98.9650', '3. low': '98.9650', '4. close': '98.9650', '5. volume': '12'}"
,"{'1. open': '99.1800', '2. high': '99.1800', '3. low': '99.1800', '4. close': '99.1800', '5. volume': '52'}"
,"{'1. open': '99.2000', '2. high': '99.2000', '3. low': '99.1900', '4. close': '99.1900', '5. volume': '171'}"
,"{'1. open': '99.3999', '2. high': '99.3999', '3. low': '99.2600', '4. close': '99.2947', '5. volume': '2339'}"
,"{'1. open': '99.5500', '2. high': '99.5500', '3. low': '99.5500', '4. close': '99.5500', '5. volume': '122'}"
,"{'1. open': '99.5878', '2. high': '99.5900', '3. low': '99.5878', '4. close': '99.5900', '5. volume': '464'}"
,"{'1. open': '99.4101', '2. high': '99.6250', '3. low': '99.4101', '4. close': '99.6250', '5. volume': '110'}"
,"{'1. open': '99.3900', '2. high': '99.4650', '3. low': '99.3900', '4. close': '99.4650', '5. volume': '502'}"
,"{'1. open': '99.5301', '2. high': '99.5800', '3. low': '99.5300', '4. close': '99.5800', '5. volume': '877'}"
,"{'1. open': '99.7099', '2. high': '99.7099', '3. low': '99.6600', '4. close': '99.6600', '5. volume': '102'}"
,"{'1. open': '99.7350', '2. high': '99.7350', '3. low': '99.6900', '4. close': '99.7350', '5. volume': '1008'}"
,"{'1. open': '99.5644', '2. high': '99.6150', '3. low': '99.5644', '4. close': '99.6150', '5. volume': '209'}"
,"{'1. open': '99.6350', '2. high': '99.6350', '3. low': '99.6350', '4. close': '99.6350', '5. volume': '13'}"
,"{'1. open': '99.7250', '2. high': '99.7250', '3. low': '99.7250', '4. close': '99.7250', '5. volume': '24'}"
,"{'1. open': '99.6100', '2. high': '99.6100', '3. low': '99.6100', '4. close': '99.6100', '5. volume': '200'}"
,"{'1. open': '99.5760', '2. high': '99.5760', '3. low': '99.5551', '4. close': '99.5551', '5. volume': '862'}"
,"{'1. open': '99.7200', '2. high': '99.7500', '3. low': '99.6900', '4. close': '99.6900', '5. volume': '1509'}"
,"{'1. open': '99.7600', '2. high': '99.7600', '3. low': '99.7200', '4. close': '99.7202', '5. volume': '572'}"
,"{'1. open': '99.7190', '2. high': '99.7190', '3. low': '99.6800', '4. close': '99.6800', '5. volume': '103'}"
,"{'1. open': '99.6500', '2. high': '99.6950', '3. low': '99.6400', '4. close': '99.6950', '5. volume': '126287'}"
,"{'1. open': '99.6850', '2. high': '99.6850', '3. low': '99.6850', '4. close': '99.6850', '5. volume': '74'}"
,"{'1. open': '99.5864', '2. high': '99.5864', '3. low': '99.5864', '4. close': '99.5864', '5. volume': '2'}"
,"{'1. open': '99.4400', '2. high': '99.4585', '3. low': '99.4400', '4. close': '99.4585', '5. volume': '2006'}"
,"{'1. open': '99.4450', '2. high': '99.4450', '3. low': '99.4450', '4. close': '99.4450', '5. volume': '94'}"
,"{'1. open': '99.5410', '2. high': '99.5800', '3. low': '99.5350', '4. close': '99.5350', '5. volume': '910'}"
,"{'1. open': '99.5932', '2. high': '99.5932', '3. low': '99.5932', '4. close': '99.5932', '5. volume': '138'}"
,"{'1. open': '99.5696', '2. high': '99.5696', '3. low': '99.5696', '4. close': '99.5696', '5. volume': '4'}"
,"{'1. open': '99.6050', '2. high': '99.6050', '3. low': '99.6050', '4. close': '99.6050', '5. volume': '136'}"
,"{'1. open': '99.5750', '2. high': '99.5750', '3. low': '99.5500', '4. close': '99.5500', '5. volume': '425'}"
,"{'1. open': '99.1800', '2. high': '99.6000', '3. low': '99.1800', '4. close': '99.6000', '5. volume': '326'}"
,"{'1. open': '99.6400', '2. high': '99.6496', '3. low': '99.6400', '4. close': '99.6496', '5. volume': '120'}"
,"{'1. open': '99.5825', '2. high': '99.5825', '3. low': '99.5825', '4. close': '99.5825', '5. volume': '4'}"
,"{'1. open': '99.4490', '2. high': '99.4490', '3. low': '99.4450', '4. close': '99.4450', '5. volume': '243'}"
,"{'1. open': '99.4500', '2. high': '99.4693', '3. low': '99.3900', '4. close': '99.4693', '5. volume': '530'}"
,"{'1. open': '99.3949', '2. high': '99.3949', '3. low': '99.3893', '4. close': '99.3893', '5. volume': '118'}"
,"{'1. open': '99.4774', '2. high': '99.4774', '3. low': '99.4774', '4. close': '99.4774', '5. volume': '4'}"
,"{'1. open': '99.5585', '2. high': '99.5585', '3. low': '99.5585', '4. close': '99.5585', '5. volume': '4'}"
,"{'1. open': '99.7350', '2. high': '99.7350', '3. low': '99.7350', '4. close': '99.7350', '5. volume': '73'}"
,"{'1. open': '99.8466', '2. high': '99.8466', '3. low': '99.8466', '4. close': '99.8466', '5. volume': '55'}"
,"{'1. open': '99.9047', '2. high': '99.9047', '3. low': '99.9047', '4. close': '99.9047', '5. volume': '5'}"
,"{'1. open': '99.9010', '2. high': '99.9010', '3. low': '99.9010', '4. close': '99.9010', '5. volume': '254'}"
,"{'1. open': '99.7000', '2. high': '99.7767', '3. low': '99.7000', '4. close': '99.7767', '5. volume': '213'}"
,"{'1. open': '99.6810', '2. high': '99.7037', '3. low': '99.6800', '4. close': '99.7037', '5. volume': '509'}"
,"{'1. open': '99.6950', '2. high': '99.7550', '3. low': '99.6950', '4. close': '99.7550', '5. volume': '163'}"
,"{'1. open': '99.7154', '2. high': '99.7154', '3. low': '99.7154', '4. close': '99.7154', '5. volume': '14'}"
,"{'1. open': '99.6750', '2. high': '99.6750', '3. low': '99.6390', '4. close': '99.6525', '5. volume': '1736'}"
,"{'1. open': '99.6201', '2. high': '99.6900', '3. low': '99.6201', '4. close': '99.6410', '5. volume': '14144'}"
,"{'1. open': '99.6400', '2. high': '99.6452', '3. low': '99.6382', '4. close': '99.6382', '5. volume': '203'}"
,"{'1. open': '99.5550', '2. high': '99.5550', '3. low': '99.5483', '4. close': '99.5483', '5. volume': '158'}"
,"{'1. open': '99.7074', '2. high': '99.7074', '3. low': '99.7074', '4. close': '99.7074', '5. volume': '37'}"
,"{'1. open': '99.6600', '2. high': '99.6650', '3. low': '99.5850', '4. close': '99.6503', '5. volume': '20415'}"
,"{'1. open': '99.4300', '2. high': '99.4900', '3. low': '99.4300', '4. close': '99.4900', '5. volume': '129'}"
,"{'1. open': '99.4800', '2. high': '99.4800', '3. low': '99.4800', '4. close': '99.4800', '5. volume': '2'}"
,"{'1. open': '99.3600', '2. high': '99.3650', '3. low': '99.3500', '4. close': '99.3500', '5. volume': '13807'}"
,"{'1. open': '99.2551', '2. high': '99.2551', '3. low': '99.2551', '4. close': '99.2551', '5. volume': '60'}"
,"{'1. open': '99.3801', '2. high': '99.3801', '3. low': '99.3801', '4. close': '99.3801', '5. volume': '135'}"
,"{'1. open': '99.3801', '2. high': '99.3801', '3. low': '99.3801', '4. close': '99.3801', '5. volume': '43'}"
,"{'1. open': '99.4600', '2. high': '99.5450', '3. low': '99.4600', '4. close': '99.5085', '5. volume': '2441'}"
,"{'1. open': '99.4650', '2. high': '99.4650', '3. low': '99.4200', '4. close': '99.4470', '5. volume': '3517'}"
,"{'1. open': '99.2900', '2. high': '99.3650', '3. low': '99.2900', '4. close': '99.3650', '5. volume': '13271'}"
,"{'1. open': '99.1800', '2. high': '99.2200', '3. low': '99.1800', '4. close': '99.2040', '5. volume': '15272'}"
,"{'1. open': '99.1350', '2. high': '99.1350', '3. low': '99.1350', '4. close': '99.1350', '5. volume': '149'}"
,"{'1. open': '99.1731', '2. high': '99.1731', '3. low': '99.1731', '4. close': '99.1731', '5. volume': '20'}"
,"{'1. open': '99.0901', '2. high': '99.1312', '3. low': '99.0901', '4. close': '99.1312', '5. volume': '1340'}"
,"{'1. open': '99.0300', '2. high': '99.1000', '3. low': '99.0300', '4. close': '99.0851', '5. volume': '2486'}"
,"{'1. open': '99.0452', '2. high': '99.0452', '3. low': '99.0452', '4. close': '99.0452', '5. volume': '18'}"
,"{'1. open': '99.0950', '2. high': '99.1040', '3. low': '99.0950', '4. close': '99.1040', '5. volume': '116'}"
,"{'1. open': '99.1200', '2. high': '99.1200', '3. low': '99.1000', '4. close': '99.1000', '5. volume': '480'}"
,"{'1. open': '99.1100', '2. high': '99.1300', '3. low': '99.1100', '4. close': '99.1290', '5. volume': '3904'}"
,"{'1. open': '99.0705', '2. high': '99.0948', '3. low': '99.0705', '4. close': '99.0948', '5. volume': '247'}"
,"{'1. open': '99.1301', '2. high': '99.1301', '3. low': '99.1301', '4. close': '99.1301', '5. volume': '15'}"
,"{'1. open': '99.0600', '2. high': '99.0846', '3. low': '99.0600', '4. close': '99.0700', '5. volume': '1196'}"
,"{'1. open': '99.0950', '2. high': '99.0950', '3. low': '99.0109', '4. close': '99.0800', '5. volume': '4456'}"
,"{'1. open': '99.3500', '2. high': '99.3700', '3. low': '99.3000', '4. close': '99.3353', '5. volume': '10679'}"
,"{'1. open': '99.3899', '2. high': '99.3899', '3. low': '99.3200', '4. close': '99.3200', '5. volume': '404'}"
,"{'1. open': '99.4260', '2. high': '99.4260', '3. low': '99.4260', '4. close': '99.4260', '5. volume': '18'}"
,"{'1. open': '99.2700', '2. high': '99.4724', '3. low': '99.2700', '4. close': '99.4724', '5. volume': '330'}"
,"{'1. open': '99.3800', '2. high': '99.3800', '3. low': '99.3500', '4. close': '99.3582', '5. volume': '307'}"
,"{'1. open': '99.3083', '2. high': '99.3083', '3. low': '99.3083', '4. close': '99.3083', '5. volume': '53'}"
,"{'1. open': '99.2300', '2. high': '99.2300', '3. low': '99.2300', '4. close': '99.2300', '5. volume': '115'}"
,"{'1. open': '99.2650', '2. high': '99.2650', '3. low': '99.2650', '4. close': '99.2650', '5. volume': '10'}"
,"{'1. open': '99.1200', '2. high': '99.1200', '3. low': '99.1150', '4. close': '99.1150', '5. volume': '429'}"
,"{'1. open': '99.1900', '2. high': '99.2100', '3. low': '99.1710', '4. close': '99.2100', '5. volume': '1524'}"
,"{'1. open': '99.1550', '2. high': '99.1550', '3. low': '99.1550', '4. close': '99.1550', '5. volume': '30'}"
,"{'1. open': '99.1650', '2. high': '99.1908', '3. low': '99.1600', '4. close': '99.1908', '5. volume': '5655'}"
,"{'1. open': '99.1597', '2. high': '99.1597', '3. low': '99.1597', '4. close': '99.1597', '5. volume': '191'}"
,"{'1. open': '99.2100', '2. high': '99.2100', '3. low': '99.2000', '4. close': '99.2050', '5. volume': '2016'}"
,"{'1. open': '99.1500', '2. high': '99.2400', '3. low': '99.1410', '4. close': '99.2400', '5. volume': '2347'}"
,"{'1. open': '99.1000', '2. high': '99.1153', '3. low': '99.1000', '4. close': '99.1153', '5. volume': '2196'}"
,"{'1. open': '99.0250', '2. high': '99.0697', '3. low': '99.0250', '4. close': '99.0697', '5. volume': '2683'}"
,"{'1. open': '99.0000', '2. high': '99.0700', '3. low': '98.9950', '4. close': '99.0700', '5. volume': '4204'}"
,"{'1. open': '99.0200', '2. high': '99.0200', '3. low': '98.9259', '4. close': '98.9259', '5. volume': '1461'}"
,"{'1. open': '98.9800', '2. high': '99.0300', '3. low': '98.9800', '4. close': '99.0300', '5. volume': '377'}"
,"{'1. open': '99.0050', '2. high': '99.0540', '3. low': '99.0000', '4. close': '99.0540', '5. volume': '3307'}"
,"{'1. open': '99.0801', '2. high': '99.0801', '3. low': '99.0801', '4. close': '99.0801', '5. volume': '254'}"
,"{'1. open': '98.9400', '2. high': '99.0081', '3. low': '98.9400', '4. close': '99.0081', '5. volume': '455'}"
,"{'1. open': '98.8300', '2. high': '98.8851', '3. low': '98.8300', '4. close': '98.8851', '5. volume': '889'}"
,"{'1. open': '98.9850', '2. high': '98.9850', '3. low': '98.9101', '4. close': '98.9650', '5. volume': '907'}"
,"{'1. open': '99.2000', '2. high': '99.2000', '3. low': '99.0700', '4. close': '99.1100', '5. volume': '2968'}"
,"{'1. open': '99.1500', '2. high': '99.2150', '3. low': '99.1475', '4. close': '99.1475', '5. volume': '1834'}"
,"{'1. open': '99.1000', '2. high': '99.1010', '3. low': '99.0310', '4. close': '99.0750', '5. volume': '4313'}"
,"{'1. open': '99.0000', '2. high': '99.0600', '3. low': '98.9940', '4. close': '99.0600', '5. volume': '2950'}"
,"{'1. open': '98.9600', '2. high': '99.0500', '3. low': '98.9600', '4. close': '98.9850', '5. volume': '2847'}"
,"{'1. open': '98.9100', '2. high': '98.9450', '3. low': '98.9100', '4. close': '98.9446', '5. volume': '2307'}"
,"{'1. open': '98.9200', '2. high': '98.9300', '3. low': '98.8800', '4. close': '98.8893', '5. volume': '1922'}"
,"{'1. open': '98.8100', '2. high': '98.9000', '3. low': '98.8000', '4. close': '98.8550', '5. volume': '2466'}"
,"{'1. open': '98.8800', '2. high': '98.8864', '3. low': '98.7600', '4. close': '98.8864', '5. volume': '1002'}"
,"{'1. open': '98.9500', '2. high': '98.9500', '3. low': '98.8200', '4. close': '98.8326', '5. volume': '1317'}"
,"{'1. open': '99.0000', '2. high': '99.0000', '3. low': '98.9082', '4. close': '98.9700', '5. volume': '2503'}"
,"{'1. open': '99.0100', '2. high': '99.0100', '3. low': '98.8801', '4. close': '98.9800', '5. volume': '1888'}"
,"{'1. open': '98.9250', '2. high': '99.0400', '3. low': '98.8600', '4. close': '99.0010', '5. volume': '1599'}"
,"{'1. open': '99.0100', '2. high': '99.0100', '3. low': '98.9000', '4. close': '98.9705', '5. volume': '997'}"
,"{'1. open': '98.7900', '2. high': '99.3000', '3. low': '98.7900', '4. close': '99.0441', '5. volume': '3736'}"
,"{'1. open': '99.1200', '2. high': '99.1300', '3. low': '98.9850', '4. close': '99.1012', '5. volume': '4561'}"
,"{'1. open': '100.8900', '2. high': '100.8900', '3. low': '98.7700', '4. close': '99.2447', '5. volume': '4517'}"
,"{'1. open': '99.0200', '2. high': '99.0500', '3. low': '99.0083', '4. close': '99.0083', '5. volume': '7728'}"
,"{'1. open': '98.8050', '2. high': '98.8109', '3. low': '98.7800', '4. close': '98.8109', '5. volume': '2271'}"
,"{'1. open': '98.7300', '2. high': '98.8229', '3. low': '98.7300', '4. close': '98.8229', '5. volume': '1000'}"
,"{'1. open': '98.7092', '2. high': '98.7092', '3. low': '98.7092', '4. close': '98.7092', '5. volume': '0'}"
,"{'1. open': '98.7557', '2. high': '98.7557', '3. low': '98.7557', '4. close': '98.7557', '5. volume': '0'}"
,"{'1. open': '98.8150', '2. high': '98.8150', '3. low': '98.8150', '4. close': '98.8150', '5. volume': '1000'}"
,"{'1. open': '98.7200', '2. high': '98.7300', '3. low': '98.7200', '4. close': '98.7216', '5. volume': '1000'}"
,"{'1. open': '98.6400', '2. high': '98.7109', '3. low': '98.6400', '4. close': '98.7109', '5. volume': '2001'}"
,"{'1. open': '98.4990', '2. high': '98.5232', '3. low': '98.4990', '4. close': '98.5232', '5. volume': '400'}"
,"{'1. open': '98.6000', '2. high': '98.6450', '3. low': '98.5900', '4. close': '98.6450', '5. volume': '1604'}"
,"{'1. open': '98.4800', '2. high': '98.5146', '3. low': '98.4800', '4. close': '98.5146', '5. volume': '504'}"
,"{'1. open': '98.5128', '2. high': '98.5128', '3. low': '98.5128', '4. close': '98.5128', '5. volume': '0'}"
,"{'1. open': '98.5366', '2. high': '98.5366', '3. low': '98.5366', '4. close': '98.5366', '5. volume': '678'}"
,"{'1. open': '98.6590', '2. high': '98.6600', '3. low': '98.6350', '4. close': '98.6350', '5. volume': '678'}"
,"{'1. open': '98.7318', '2. high': '98.7318', '3. low': '98.7318', '4. close': '98.7318', '5. volume': '10'}"
,"{'1. open': '98.7258', '2. high': '98.7258', '3. low': '98.7258', '4. close': '98.7258', '5. volume': '101'}"
,"{'1. open': '98.6400', '2. high': '98.6877', '3. low': '98.6400', '4. close': '98.6877', '5. volume': '101'}"
,"{'1. open': '98.5450', '2. high': '98.5650', '3. low': '98.5450', '4. close': '98.5650', '5. volume': '108'}"
,"{'1. open': '98.4773', '2. high': '98.4773', '3. low': '98.4773', '4. close': '98.4773', '5. volume': '2009'}"
,"{'1. open': '98.5100', '2. high': '98.5167', '3. low': '98.4898', '4. close': '98.4898', '5. volume': '2009'}"
,"{'1. open': '98.5400', '2. high': '98.7015', '3. low': '98.5400', '4. close': '98.7015', '5. volume': '200'}"
,"{'1. open': '98.6294', '2. high': '98.6294', '3. low': '98.6294', '4. close': '98.6294', '5. volume': '600'}"
,"{'1. open': '98.6183', '2. high': '98.6183', '3. low': '98.6183', '4. close': '98.6183', '5. volume': '4201'}"
,"{'1. open': '98.5800', '2. high': '98.6000', '3. low': '98.5800', '4. close': '98.5926', '5. volume': '4201'}"
,"{'1. open': '98.8417', '2. high': '98.8417', '3. low': '98.8417', '4. close': '98.8417', '5. volume': '0'}"
,"{'1. open': '98.7392', '2. high': '98.7392', '3. low': '98.7392', '4. close': '98.7392', '5. volume': '917'}"
,"{'1. open': '98.6420', '2. high': '98.6420', '3. low': '98.6250', '4. close': '98.6250', '5. volume': '917'}"
,"{'1. open': '98.5800', '2. high': '98.5800', '3. low': '98.5305', '4. close': '98.5305', '5. volume': '101'}"
,"{'1. open': '98.7500', '2. high': '98.7600', '3. low': '98.7500', '4. close': '98.7600', '5. volume': '100'}"
,"{'1. open': '98.8450', '2. high': '98.8450', '3. low': '98.8450', '4. close': '98.8450', '5. volume': '2'}"
,"{'1. open': '98.9900', '2. high': '99.0118', '3. low': '98.9900', '4. close': '99.0118', '5. volume': '510'}"
,"{'1. open': '99.1900', '2. high': '99.1900', '3. low': '99.1600', '4. close': '99.1800', '5. volume': '965'}"
,"{'1. open': '99.0572', '2. high': '99.1076', '3. low': '99.0572', '4. close': '99.1076', '5. volume': '407'}"
,"{'1. open': '98.9831', '2. high': '98.9831', '3. low': '98.9831', '4. close': '98.9831', '5. volume': '70'}"
,"{'1. open': '98.9101', '2. high': '98.9101', '3. low': '98.7532', '4. close': '98.7532', '5. volume': '304'}"
,"{'1. open': '99.3644', '2. high': '99.3644', '3. low': '99.3644', '4. close': '99.3644', '5. volume': '12'}"
,"{'1. open': '99.4180', '2. high': '99.4199', '3. low': '99.3988', '4. close': '99.3988', '5. volume': '401'}"
,"{'1. open': '99.3550', '2. high': '99.3550', '3. low': '99.3550', '4. close': '99.3550', '5. volume': '1578'}"
,"{'1. open': '99.4550', '2. high': '99.4550', '3. low': '99.4550', '4. close': '99.4550', '5. volume': '598'}"
,"{'1. open': '99.5850', '2. high': '99.5850', '3. low': '99.5850', '4. close': '99.5850', '5. volume': '9'}"
,"{'1. open': '99.5600', '2. high': '99.5800', '3. low': '99.5600', '4. close': '99.5650', '5. volume': '1864'}"
,"{'1. open': '99.5890', '2. high': '99.6000', '3. low': '99.5291', '4. close': '99.5291', '5. volume': '4815'}"
,"{'1. open': '99.8190', '2. high': '99.8190', '3. low': '99.7846', '4. close': '99.7846', '5. volume': '1878'}"
,"{'1. open': '99.8550', '2. high': '99.8651', '3. low': '99.8550', '4. close': '99.8651', '5. volume': '531'}"
,"{'1. open': '99.8500', '2. high': '99.8714', '3. low': '99.8500', '4. close': '99.8714', '5. volume': '351'}"
,"{'1. open': '99.8300', '2. high': '99.8400', '3. low': '99.7700', '4. close': '99.7850', '5. volume': '6819'}"
,"{'1. open': '99.8100', '2. high': '99.8100', '3. low': '99.7524', '4. close': '99.7524', '5. volume': '3318'}"
,"{'1. open': '99.7616', '2. high': '99.7616', '3. low': '99.7616', '4. close': '99.7616', '5. volume': '1502'}"
,"{'1. open': '99.7850', '2. high': '99.7850', '3. low': '99.7850', '4. close': '99.7850', '5. volume': '800'}"
,"{'1. open': '99.7890', '2. high': '99.8000', '3. low': '99.7650', '4. close': '99.7650', '5. volume': '800'}"
,"{'1. open': '99.8096', '2. high': '99.8096', '3. low': '99.8096', '4. close': '99.8096', '5. volume': '702'}"
,"{'1. open': '99.8800', '2. high': '99.8800', '3. low': '99.8710', '4. close': '99.8710', '5. volume': '702'}"
,"{'1. open': '99.8490', '2. high': '99.8493', '3. low': '99.8490', '4. close': '99.8493', '5. volume': '1503'}"
,"{'1. open': '99.8549', '2. high': '99.8549', '3. low': '99.8549', '4. close': '99.8549', '5. volume': '0'}"
,"{'1. open': '99.8963', '2. high': '99.8963', '3. low': '99.8963', '4. close': '99.8963', '5. volume': '841'}"
,"{'1. open': '99.9500', '2. high': '99.9500', '3. low': '99.8900', '4. close': '99.9150', '5. volume': '841'}"
,"{'1. open': '99.9172', '2. high': '99.9172', '3. low': '99.9172', '4. close': '99.9172', '5. volume': '0'}"
,"{'1. open': '99.8349', '2. high': '99.8349', '3. low': '99.8349', '4. close': '99.8349', '5. volume': '193'}"
,"{'1. open': '99.7950', '2. high': '99.7950', '3. low': '99.7950', '4. close': '99.7950', '5. volume': '193'}"
,"{'1. open': '99.8357', '2. high': '99.8357', '3. low': '99.8357', '4. close': '99.8357', '5. volume': '3'}"
,"{'1. open': '99.8350', '2. high': '99.8350', '3. low': '99.8350', '4. close': '99.8350', '5. volume': '2'}"
,"{'1. open': '99.8077', '2. high': '99.8077', '3. low': '99.8077', '4. close': '99.8077', '5. volume': '333'}"
,"{'1. open': '99.8200', '2. high': '99.8200', '3. low': '99.7270', '4. close': '99.7270', '5. volume': '333'}"
,"{'1. open': '99.7569', '2. high': '99.7569', '3. low': '99.7569', '4. close': '99.7569', '5. volume': '66'}"
,"{'1. open': '99.6647', '2. high': '99.6647', '3. low': '99.6647', '4. close': '99.6647', '5. volume': '1'}"
,"{'1. open': '99.6650', '2. high': '99.6650', '3. low': '99.6650', '4. close': '99.6650', '5. volume': '3'}"
,"{'1. open': '99.7250', '2. high': '99.7250', '3. low': '99.7250', '4. close': '99.7250', '5. volume': '3'}"
,"{'1. open': '99.8300', '2. high': '99.8300', '3. low': '99.7850', '4. close': '99.8137', '5. volume': '2099'}"
,"{'1. open': '99.8590', '2. high': '99.8746', '3. low': '99.8590', '4. close': '99.8746', '5. volume': '109'}"
,"{'1. open': '100.0600', '2. high': '100.0799', '3. low': '100.0500', '4. close': '100.0500', '5. volume': '751'}"
,"{'1. open': '100.1229', '2. high': '100.1229', '3. low': '100.1229', '4. close': '100.1229', '5. volume': '0'}"
,"{'1. open': '100.1600', '2. high': '100.1600', '3. low': '100.1550', '4. close': '100.1550', '5. volume': '102'}"
,"{'1. open': '100.1046', '2. high': '100.1046', '3. low': '100.1046', '4. close': '100.1046', '5. volume': '0'}"
,"{'1. open': '100.0650', '2. high': '100.0650', '3. low': '100.0650', '4. close': '100.0650', '5. volume': '0'}"
,"{'1. open': '100.0630', '2. high': '100.0630', '3. low': '100.0630', '4. close': '100.0630', '5. volume': '0'}"
,"{'1. open': '100.0267', '2. high': '100.0267', '3. low': '100.0267', '4. close': '100.0267', '5. volume': '1414'}"
,"{'1. open': '99.9900', '2. high': '100.0000', '3. low': '99.9900', '4. close': '99.9901', '5. volume': '1414'}"
,"{'1. open': '100.0300', '2. high': '100.0300', '3. low': '100.0300', '4. close': '100.0300', '5. volume': '2345'}"
,"{'1. open': '99.9890', '2. high': '99.9900', '3. low': '99.9601', '4. close': '99.9601', '5. volume': '2345'}"
,"{'1. open': '100.0001', '2. high': '100.0001', '3. low': '99.9850', '4. close': '99.9850', '5. volume': '1000'}"
,"{'1. open': '100.0900', '2. high': '100.0900', '3. low': '99.9950', '4. close': '99.9950', '5. volume': '1218'}"
,"{'1. open': '100.0050', '2. high': '100.0050', '3. low': '100.0050', '4. close': '100.0050', '5. volume': '1351'}"
,"{'1. open': '100.0100', '2. high': '100.0100', '3. low': '100.0050', '4. close': '100.0050', '5. volume': '1351'}"
,"{'1. open': '100.0190', '2. high': '100.0200', '3. low': '99.9950', '4. close': '99.9950', '5. volume': '425'}"
,"{'1. open': '100.0161', '2. high': '100.0161', '3. low': '100.0161', '4. close': '100.0161', '5. volume': '33'}"
,"{'1. open': '99.9100', '2. high': '99.9500', '3. low': '99.9032', '4. close': '99.9300', '5. volume': '3907'}"
,"{'1. open': '99.8600', '2. high': '99.8600', '3. low': '99.8450', '4. close': '99.8550', '5. volume': '1650'}"
,"{'1. open': '100.0090', '2. high': '100.0090', '3. low': '99.9700', '4. close': '99.9700', '5. volume': '1303'}"
,"{'1. open': '99.9800', '2. high': '99.9800', '3. low': '99.9550', '4. close': '99.9550', '5. volume': '1800'}"
,"{'1. open': '99.8608', '2. high': '99.8608', '3. low': '99.8608', '4. close': '99.8608', '5. volume': '0'}"
,"{'1. open': '99.9750', '2. high': '99.9750', '3. low': '99.9750', '4. close': '99.9750', '5. volume': '0'}"
,"{'1. open': '99.8750', '2. high': '99.8750', '3. low': '99.8750', '4. close': '99.8750', '5. volume': '1100'}"
,"{'1. open': '99.8800', '2. high': '99.9190', '3. low': '99.8800', '4. close': '99.9006', '5. volume': '1100'}"
,"{'1. open': '100.0700', '2. high': '100.0700', '3. low': '100.0450', '4. close': '100.0450', '5. volume': '2066'}"
,"{'1. open': '99.9900', '2. high': '99.9900', '3. low': '99.9900', '4. close': '99.9900', '5. volume': '701'}"
,"{'1. open': '99.9600', '2. high': '99.9600', '3. low': '99.9100', '4. close': '99.9100', '5. volume': '701'}"
,"{'1. open': '99.8850', '2. high': '99.8850', '3. low': '99.8850', '4. close': '99.8850', '5. volume': '553'}"
,"{'1. open': '99.8990', '2. high': '99.9000', '3. low': '99.8850', '4. close': '99.8850', '5. volume': '553'}"
,"{'1. open': '99.9100', '2. high': '99.9400', '3. low': '99.9100', '4. close': '99.9150', '5. volume': '4981'}"
,"{'1. open': '99.8900', '2. high': '99.8900', '3. low': '99.8900', '4. close': '99.8900', '5. volume': '1'}"
,"{'1. open': '99.8500', '2. high': '99.8500', '3. low': '99.8500', '4. close': '99.8500', '5. volume': '0'}"
,"{'1. open': '99.8500', '2. high': '99.8500', '3. low': '99.8500', '4. close': '99.8500', '5. volume': '876'}"
,"{'1. open': '99.7990', '2. high': '99.8000', '3. low': '99.7700', '4. close': '99.7700', '5. volume': '876'}"
,"{'1. open': '99.7706', '2. high': '99.7706', '3. low': '99.7706', '4. close': '99.7706', '5. volume': '4256'}"
,"{'1. open': '99.7890', '2. high': '99.7900', '3. low': '99.7741', '4. close': '99.7741', '5. volume': '4256'}"
,"{'1. open': '99.6690', '2. high': '99.6700', '3. low': '99.6553', '4. close': '99.6553', '5. volume': '1004'}"
,"{'1. open': '99.6890', '2. high': '99.6890', '3. low': '99.6400', '4. close': '99.6400', '5. volume': '100'}"
,"{'1. open': '99.7100', '2. high': '99.7463', '3. low': '99.7010', '4. close': '99.7463', '5. volume': '4126'}"
,"{'1. open': '99.8900', '2. high': '99.9400', '3. low': '99.8900', '4. close': '99.9048', '5. volume': '1001'}"
,"{'1. open': '99.9987', '2. high': '99.9987', '3. low': '99.9987', '4. close': '99.9987', '5. volume': '2561'}"
,"{'1. open': '99.9600', '2. high': '99.9800', '3. low': '99.9590', '4. close': '99.9748', '5. volume': '2561'}"
,"{'1. open': '99.6650', '2. high': '99.6650', '3. low': '99.6650', '4. close': '99.6650', '5. volume': '1'}"
,"{'1. open': '99.7024', '2. high': '99.7024', '3. low': '99.7024', '4. close': '99.7024', '5. volume': '1'}"
,"{'1. open': '99.6999', '2. high': '99.6999', '3. low': '99.6999', '4. close': '99.6999', '5. volume': '830'}"
,"{'1. open': '99.8200', '2. high': '99.8200', '3. low': '99.7700', '4. close': '99.7700', '5. volume': '830'}"
,"{'1. open': '99.9100', '2. high': '99.9100', '3. low': '99.8850', '4. close': '99.8850', '5. volume': '704'}"
,"{'1. open': '99.9300', '2. high': '99.9300', '3. low': '99.9150', '4. close': '99.9150', '5. volume': '710'}"
,"{'1. open': '99.8900', '2. high': '99.8900', '3. low': '99.8600', '4. close': '99.8600', '5. volume': '3900'}"
,"{'1. open': '99.8100', '2. high': '99.8100', '3. low': '99.7900', '4. close': '99.7900', '5. volume': '4617'}"
,"{'1. open': '99.7800', '2. high': '99.7800', '3. low': '99.7500', '4. close': '99.7500', '5. volume': '5600'}"
,"{'1. open': '99.8400', '2. high': '99.8400', '3. low': '99.8243', '4. close': '99.8243', '5. volume': '320'}"
,"{'1. open': '99.8471', '2. high': '99.8471', '3. low': '99.8471', '4. close': '99.8471', '5. volume': '126687'}"
,"{'1. open': '99.9100', '2. high': '99.9200', '3. low': '99.8900', '4. close': '99.8900', '5. volume': '126687'}"
,"{'1. open': '99.9500', '2. high': '99.9600', '3. low': '99.9250', '4. close': '99.9250', '5. volume': '2135'}"
,"{'1. open': '100.0000', '2. high': '100.0000', '3. low': '99.9450', '4. close': '99.9450', '5. volume': '3312'}"
,"{'1. open': '100.0000', '2. high': '100.0000', '3. low': '99.9750', '4. close': '99.9750', '5. volume': '3985'}"
,"{'1. open': '99.9790', '2. high': '99.9900', '3. low': '99.9632', '4. close': '99.9650', '5. volume': '3635'}"
,"{'1. open': '99.9600', '2. high': '99.9700', '3. low': '99.9400', '4. close': '99.9400', '5. volume': '5685'}"
,"{'1. open': '99.9700', '2. high': '99.9800', '3. low': '99.9400', '4. close': '99.9400', '5. volume': '1820'}"
,"{'1. open': '99.9900', '2. high': '99.9950', '3. low': '99.9717', '4. close': '99.9950', '5. volume': '650'}"
,"{'1. open': '99.9500', '2. high': '99.9600', '3. low': '99.9200', '4. close': '99.9200', '5. volume': '6350'}"
,"{'1. open': '100.0100', '2. high': '100.0300', '3. low': '100.0100', '4. close': '100.0300', '5. volume': '10080'}"
,"{'1. open': '100.0300', '2. high': '100.0400', '3. low': '99.9950', '4. close': '99.9950', '5. volume': '10725'}"
,"{'1. open': '100.0800', '2. high': '100.0800', '3. low': '100.0500', '4. close': '100.0550', '5. volume': '87090'}"
